"gameId","playId","displayName","predicted_x","predicted_y"
2020091000,612,"Ka'imi Fairbairn",0,26.9204814967373
2020091000,918,"Harrison Butker",0,26.8656371831522
2020091000,1961,"Harrison Butker",0,24.6558609157256
2020091000,2222,"Harrison Butker",0,26.4819981990592
2020091000,3013,"Harrison Butker",120,28.1579245046401
2020091000,3852,"Harrison Butker",120,25.776
2020091300,283,"Younghoe Koo",0,26.4106322561262
2020091300,1229,"Younghoe Koo",120,23.2427536791882
2020091301,598,"Justin Tucker",0,25.5436606051485
2020091301,790,"Austin Seibert",120,31.8527683445817
2020091301,1646,"Justin Tucker",120,28.4939482124088
2020091301,1853,"Austin Seibert",0,32.2179899502958
2020091301,2762,"Justin Tucker",120,27.8452353604523
2020091301,3421,"Justin Tucker",0,26.9043624274126
2020091302,631,"Tyler Bass",0,25.6780952166487
2020091302,986,"Tyler Bass",0,25.5878339149976
2020091302,1572,"Tyler Bass",120,25.3720705769051
2020091302,2380,"Sam Ficken",0,28.1255036988865
2020091302,2883,"Tyler Bass",120,24.0293090224515
2020091302,2971,"Sam Ficken",0,28.4561713257239
2020091302,3196,"Tyler Bass",120,23.0305864881231
2020091302,4130,"Tyler Bass",0,28.1231068317935
2020091302,4543,"Sam Ficken",120,26.6579856257476
2020091304,629,"Matt Prater",0,27.1107627245399
2020091304,871,"Cairo Santos",120,27.6081790374712
2020091304,1558,"Matt Prater",120,26.9502098841225
2020091304,2197,"Matt Prater",120,27.38375691722
2020091304,2507,"Matt Prater",120,26.4826710906318
2020091304,3245,"Cairo Santos",120,26.8680012544334
2020091304,3989,"Cairo Santos",120,24.9808713235397
2020091304,4225,"Cairo Santos",120,26.3616342211222
2020091305,1509,"Rodrigo Blankenship",0,25.3671348677579
2020091305,1812,"Josh Lambo",120,25.3928125840752
2020091305,2062,"Rodrigo Blankenship",0,25.9511961592681
2020091305,2522,"Rodrigo Blankenship",120,29.5384405814781
2020091305,2709,"Josh Lambo",0,25.8928693822976
2020091305,3321,"Rodrigo Blankenship",0,26.3520741189977
2020091305,3539,"Josh Lambo",120,27.4154495264385
2020091305,3735,"Josh Lambo",120,29.3030383644443
2020091306,369,"Mason Crosby",0,28.7079639690048
2020091306,584,"Dan Bailey",120,26.0084596343907
2020091306,1236,"Mason Crosby",120,28.2298155466122
2020091306,1704,"Mason Crosby",120,27.2478958686957
2020091306,1895,"Mason Crosby",120,27.1022736086936
2020091306,2774,"Mason Crosby",120,25.2929040117137
2020091307,2104,"Nick Folk",0,28.8523535950841
2020091307,3207,"Nick Folk",120,25.6916286718483
2020091308,285,"Jake Elliott",120,29.5741463912551
2020091308,1299,"Dustin Hopkins",120,32.3607120464696
2020091308,1474,"Jake Elliott",0,26.4514104462736
2020091308,2007,"Dustin Hopkins",120,26.2895611869209
2020091308,2528,"Dustin Hopkins",120,26.939962527923
2020091309,1643,"Mike Badgley",120,28.3055265333031
2020091309,2310,"Mike Badgley",120,24.9967667532468
2020091309,2520,"Mike Badgley",0,31.3548377711982
2020091309,2679,"Randy Bullock",120,24.8535262577091
2020091309,3065,"Randy Bullock",120,28.3683731778801
2020091309,3364,"Mike Badgley",120,27.1896824792024
2020091309,3625,"Mike Badgley",120,27.8959825901578
2020091309,4529,"Randy Bullock",0,32.6562486942665
2020091310,461,"Ryan Succop",0,28.2438951981878
2020091310,1025,"Wil Lutz",0,27.9671268951598
2020091310,1205,"Wil Lutz",0,25.3632637664316
2020091310,1853,"Wil Lutz",0,28.4573985807686
2020091310,2288,"Wil Lutz",0,28.2391633704618
2020091310,2410,"Ryan Succop",120,27.2371027791678
2020091310,3097,"Ryan Succop",120,28.3372905684791
2020091310,3493,"Wil Lutz",120,27.4503083156707
2020091310,3690,"Wil Lutz",120,25.6036930704275
2020091311,197,"Robbie Gould",120,28.0826677681201
2020091311,456,"Robbie Gould",120,25.1024490359964
2020091311,736,"Zane Gonzalez",0,27.9840611094055
2020091311,1610,"Zane Gonzalez",120,22.8169636125589
2020091311,2079,"Robbie Gould",0,28.0557675491833
2020091311,2272,"Zane Gonzalez",120,24.1782550628631
2020091311,2672,"Zane Gonzalez",120,22.5990234524303
2020091311,3621,"Zane Gonzalez",0,27.3806405341907
2020091311,3863,"Robbie Gould",120,26.8219207982745
2020091311,4170,"Zane Gonzalez",0,26.2248596212055
2020091312,296,"Sam Sloman",120,25.9598184899951
2020091312,884,"Sam Sloman",120,23.9558658039105
2020091312,1475,"Sam Sloman",0,26.7176913400684
2020091312,1873,"Sam Sloman",0,26.790505521503
2020091312,2263,"Greg Zuerlein",120,24.4652131567939
2020091312,3249,"Greg Zuerlein",0,29.2082906397413
2020091400,337,"Graham Gano",0,27.8373645442036
2020091400,822,"Chris Boswell",120,26.9795959566037
2020091400,1050,"Graham Gano",120,26.8907591397849
2020091400,1357,"Chris Boswell",0,32.3794266211604
2020091400,2036,"Chris Boswell",0,24.9280021317035
2020091400,2941,"Chris Boswell",120,25.1455366693221
2020091400,3361,"Chris Boswell",120,26.0746306912433
2020091401,612,"Stephen Gostkowski",0,29.5233079387719
2020091401,886,"Brandon McManus",120,25.5945519937265
2020091401,1297,"Stephen Gostkowski",120,28.4263737715997
2020091401,2010,"Stephen Gostkowski",120,33.7560599891305
2020091401,2626,"Stephen Gostkowski",0,22.0635160131566
2020091401,3391,"Brandon McManus",0,29.4294121744114
2020091401,4261,"Stephen Gostkowski",120,27.9824880917537
2020091700,438,"Randy Bullock",120,27.1571813318164
2020091700,739,"Cody Parkey",0,26.7636097452654
2020091700,1030,"Cody Parkey",120,24.6664104109589
2020091700,1211,"Randy Bullock",0,26.3070961511974
2020091700,1820,"Cody Parkey",120,25.8418944031878
2020091700,2236,"Randy Bullock",0,24.6451663384167
2020091700,2890,"Cody Parkey",120,24.3527375864411
2020091700,3329,"Randy Bullock",0,27.1178701684439
2020091700,3960,"Randy Bullock",120,25.4946967664309
2020091700,4169,"Cody Parkey",0,27.5803005273323
2020091700,4622,"Randy Bullock",120,26.708536149717
2020092000,365,"Cairo Santos",120,28.8218935950021
2020092000,558,"Cairo Santos",120,25.3738574666433
2020092000,1742,"Cairo Santos",0,27.5457959703988
2020092000,1858,"Graham Gano",120,31.5707193135537
2020092000,2172,"Graham Gano",0,28.2185075645949
2020092000,2871,"Graham Gano",120,24.8397678593711
2020092000,3336,"Graham Gano",120,26.1150549594054
2020092000,3741,"Cairo Santos",0,23.2658983347763
2020092001,1605,"Greg Zuerlein",120,30.0030696692954
2020092001,2316,"Greg Zuerlein",120,26.6759832774734
2020092001,2579,"Younghoe Koo",0,24.719341009357
2020092001,2850,"Greg Zuerlein",120,28.5384304936235
2020092001,3360,"Greg Zuerlein",120,27.8603272042506
2020092001,3680,"Younghoe Koo",120,25.1472999998299
2020092001,4092,"Younghoe Koo",120,28.8492919223726
2020092001,4946,"Greg Zuerlein",0,27.196999137931
2020092001,5135,"Greg Zuerlein",0,25.8775150333235
2020092002,269,"Matt Prater",0,26.3746402257109
2020092002,585,"Mason Crosby",120,24.3774614334975
2020092002,969,"Matt Prater",0,25.1607474760229
2020092002,1284,"Mason Crosby",0,25.5911626538844
2020092002,2108,"Mason Crosby",0,26.6537450178975
2020092002,2253,"Matt Prater",120,19.5943137135095
2020092002,2329,"Mason Crosby",120,24.8628226007657
2020092002,2738,"Mason Crosby",120,28.3699603337653
2020092002,3153,"Mason Crosby",120,26.1676662129397
2020092002,3392,"Matt Prater",120,28.0702879161529
2020092003,395,"Dan Bailey",0,27.5631190963816
2020092003,1126,"Rodrigo Blankenship",0,24.6809710858765
2020092003,1841,"Rodrigo Blankenship",0,26.8073371429668
2020092003,2083,"Rodrigo Blankenship",0,25.733524805543
2020092003,2542,"Rodrigo Blankenship",0,28.7947341057663
2020092003,3181,"Rodrigo Blankenship",120,24.8564607969381
2020092003,3421,"Rodrigo Blankenship",120,27.8164609508915
2020092004,571,"Tyler Bass",120,26.778827495674
2020092004,847,"Jason Sanders",0,25.3255132154798
2020092004,1185,"Tyler Bass",0,28.1899327410954
2020092004,1697,"Tyler Bass",0,29.8026047813004
2020092004,2156,"Jason Sanders",120,29.3320069490996
2020092004,2508,"Jason Sanders",120,24.5278468178214
2020092004,3365,"Jason Sanders",0,27.0242746542795
2020092004,3587,"Tyler Bass",120,25.5921541192658
2020092004,3919,"Tyler Bass",120,29.2778529878371
2020092005,87,"Robbie Gould",0,26.1409639722293
2020092005,653,"Sam Ficken",120,27.0115412033555
2020092005,1051,"Robbie Gould",120,25.1407810450617
2020092005,1762,"Robbie Gould",120,24.5975941754405
2020092005,2174,"Robbie Gould",120,24.3397808624043
2020092005,2560,"Sam Ficken",0,27.2737430518536
2020092005,3039,"Robbie Gould",0,27.4230669079616
2020092006,278,"Sam Sloman",0,25.8465286883439
2020092006,542,"Jake Elliott",120,28.7398111510791
2020092006,831,"Sam Sloman",0,26.6054171212296
2020092006,1232,"Sam Sloman",120,29.1563663741123
2020092006,2046,"Jake Elliott",0,27.9306506159568
2020092006,2928,"Sam Sloman",120,27.3240712107168
2020092006,3254,"Jake Elliott",120,26.2958963261015
2020092006,3389,"Sam Sloman",0,27.1034381603578
2020092007,772,"Chris Boswell",0,25.2583795537144
2020092007,1180,"Brandon McManus",0,26.4040075434917
2020092007,1684,"Chris Boswell",120,26.4074144392186
2020092007,1827,"Brandon McManus",0,34.234681022068
2020092007,2125,"Chris Boswell",120,25.1976695938639
2020092007,2723,"Brandon McManus",120,28.5379205908967
2020092007,3527,"Chris Boswell",120,26.491778472919
2020092007,3935,"Brandon McManus",0,28.3675000913042
2020092008,574,"Ryan Succop",120,24.8661365380483
2020092008,680,"Ryan Succop",120,27.5984060384657
2020092008,1652,"Ryan Succop",0,26.2553777467124
2020092008,2457,"Joey Slye",120,27.0647455929639
2020092008,3226,"Joey Slye",0,25.571755835287
2020092008,3694,"Ryan Succop",120,25.352793989821
2020092008,3975,"Joey Slye",0,26.6267583595733
2020092008,4040,"Ryan Succop",120,27.1896635661895
2020092009,134,"Stephen Gostkowski",0,26.551801145863
2020092009,565,"Stephen Gostkowski",0,27.7129776199768
2020092009,734,"Josh Lambo",120,29.022594190924
2020092009,1776,"Stephen Gostkowski",120,24.9375479804308
2020092009,2061,"Josh Lambo",0,26.5893133569443
2020092009,2159,"Stephen Gostkowski",120,24.0093610011595
2020092009,2582,"Josh Lambo",0,27.0459812535552
2020092009,3092,"Josh Lambo",120,23.1431428571424
2020092009,3453,"Josh Lambo",120,26.3813487911223
2020092009,4040,"Stephen Gostkowski",0,25.8379070743479
2020092010,484,"Zane Gonzalez",0,28.2079867590504
2020092010,1056,"Zane Gonzalez",0,23.9952878767217
2020092010,1334,"Zane Gonzalez",120,23.6311316375615
2020092010,1918,"Zane Gonzalez",120,26.0630672779249
2020092010,2990,"Dustin Hopkins",120,26.4487866978197
2020092010,3380,"Zane Gonzalez",120,24.8313155445421
2020092010,4364,"Zane Gonzalez",120,26.825748518688
2020092011,628,"Justin Tucker",120,27.45922498727
2020092011,894,"Justin Tucker",0,28.3889015743084
2020092011,1122,"Ka'imi Fairbairn",120,27.1241603931831
2020092011,1360,"Justin Tucker",0,27.2364224247097
2020092011,1446,"Justin Tucker",0,27.3786797290357
2020092011,2072,"Ka'imi Fairbairn",120,24.9620953095989
2020092011,2465,"Justin Tucker",120,23.3182124633172
2020092011,2898,"Ka'imi Fairbairn",120,26.3698357913519
2020092011,3077,"Justin Tucker",0,26.8412633419199
2020092011,3329,"Ka'imi Fairbairn",120,27.5482331923661
2020092012,249,"Mike Badgley",120,27.8040968391984
2020092012,1671,"Mike Badgley",0,25.4450173994753
2020092012,2709,"Mike Badgley",0,27.2548075624829
2020092012,2950,"Harrison Butker",120,25.1878213203646
2020092012,4258,"Harrison Butker",0,26.8029736489725
2020092013,126,"Nick Folk",120,25.8148562193243
2020092013,519,"Jason Myers",0,27.2675724356988
2020092013,1273,"Jason Myers",120,28.2466905804463
2020092013,1482,"Nick Folk",0,21.895203898817
2020092013,2202,"Nick Folk",120,27.077332865163
2020092013,2455,"Jason Myers",0,26.7677154601171
2020092013,2764,"Jason Myers",0,24.2823479217313
2020092013,3536,"Jason Myers",120,26.2630642787378
2020092013,3733,"Nick Folk",0,26.0230948484715
2020092100,288,"Wil Lutz",120,24.8896682934778
2020092100,746,"Wil Lutz",120,26.284696947045
2020092100,1340,"Daniel Carlson",120,26.1635073481912
2020092100,1549,"Wil Lutz",0,26.646393839947
2020092100,1874,"Daniel Carlson",120,28.3228248000676
2020092100,2226,"Daniel Carlson",120,25.2175788170252
2020092100,2530,"Daniel Carlson",0,26.6669720577542
2020092100,3605,"Daniel Carlson",120,29.6452220099603
2020092100,3840,"Wil Lutz",0,27.3780252310455
2020092100,4100,"Daniel Carlson",120,25.8418812879419
2020092400,944,"Brandon Wright",0,27.0449893674536
2020092400,1315,"Jason Sanders",120,27.1239782030996
2020092400,2597,"Jason Sanders",120,26.0640307017271
2020092400,3700,"Jason Sanders",0,26.6864343468368
2020092700,266,"Cairo Santos",120,30.5453079580773
2020092700,702,"Cairo Santos",120,27.4527931830855
2020092700,1216,"Younghoe Koo",120,26.3591253279377
2020092700,1578,"Younghoe Koo",120,27.2544482074444
2020092700,1827,"Cairo Santos",0,26.3261806364677
2020092700,2664,"Younghoe Koo",0,28.7613659807375
2020092700,3336,"Younghoe Koo",120,31.6541027223307
2020092701,727,"Tyler Bass",120,27.9891233393959
2020092701,2278,"Tyler Bass",120,27.5411461022762
2020092701,3989,"Tyler Bass",0,25.3247666120579
2020092702,871,"Dustin Hopkins",0,27.0155980701662
2020092702,1231,"Cody Parkey",0,27.9045105002862
2020092702,2562,"Dustin Hopkins",0,29.2424809014756
2020092702,3281,"Cody Parkey",0,25.2468722328327
2020092702,3503,"Cody Parkey",0,27.0609710236951
2020092702,4016,"Cody Parkey",0,27.32075026183
2020092703,211,"Stephen Gostkowski",120,27.6843655756854
2020092703,611,"Stephen Gostkowski",120,26.8320558271587
2020092703,812,"Dan Bailey",0,24.1032442864881
2020092703,1283,"Dan Bailey",120,26.1408228723867
2020092703,1600,"Stephen Gostkowski",0,26.1327250909594
2020092703,1807,"Dan Bailey",120,28.5791244628888
2020092703,2426,"Dan Bailey",0,32.1143429093473
2020092703,2585,"Stephen Gostkowski",120,26.9251916521395
2020092703,2675,"Dan Bailey",0,26.7636307824441
2020092703,2888,"Stephen Gostkowski",120,24.8001220098528
2020092703,3603,"Stephen Gostkowski",0,25.5278205703795
2020092703,4064,"Stephen Gostkowski",0,28.9570574565645
2020092704,902,"Daniel Carlson",120,27.0134690445238
2020092704,1140,"Nick Folk",120,26.9431863029357
2020092704,1423,"Nick Folk",120,25.2329676733716
2020092704,1878,"Nick Folk",120,28.0160458956756
2020092704,2179,"Daniel Carlson",0,28.0276004878687
2020092704,2569,"Daniel Carlson",120,30.2647538862078
2020092704,2671,"Nick Folk",0,27.4427573538296
2020092704,2961,"Nick Folk",0,28.4171151621639
2020092704,3287,"Daniel Carlson",0,25.299200023036
2020092704,3603,"Nick Folk",120,23.5150057428641
2020092704,3728,"Nick Folk",120,25.7067714586564
2020092704,4032,"Daniel Carlson",0,26.7223488760337
2020092705,256,"Robbie Gould",0,28.9208315609416
2020092705,935,"Graham Gano",0,27.2552803208562
2020092705,1177,"Robbie Gould",120,21.9825283695896
2020092705,1356,"Graham Gano",0,26.078064967592
2020092705,1774,"Robbie Gould",120,26.8414701230607
2020092705,2026,"Robbie Gould",120,25.8759525464396
2020092705,2433,"Graham Gano",120,26.1717353562545
2020092705,2712,"Robbie Gould",0,27.443400154173
2020092705,3607,"Robbie Gould",120,24.6226523737977
2020092706,852,"Jake Elliott",0,26.0774768707086
2020092706,1466,"Randy Bullock",120,27.8313280668738
2020092706,2075,"Randy Bullock",120,28.333106447269
2020092706,2245,"Jake Elliott",0,27.0065983984746
2020092706,2610,"Jake Elliott",0,26.6594610537506
2020092706,2931,"Randy Bullock",120,27.5294677496313
2020092706,3189,"Randy Bullock",0,27.0104341964024
2020092706,3846,"Randy Bullock",0,26.7563267857955
2020092706,4269,"Jake Elliott",120,24.7244323908439
2020092707,409,"Chris Boswell",0,27.0661020719461
2020092707,1170,"Ka'imi Fairbairn",0,26.5121592084579
2020092707,1531,"Chris Boswell",120,26.6499630945853
2020092707,1848,"Chris Boswell",120,27.9689928963478
2020092707,2051,"Ka'imi Fairbairn",0,26.8946960306841
2020092707,2516,"Chris Boswell",0,25.9822657175636
2020092708,212,"Rodrigo Blankenship",0,25.8759311236601
2020092708,592,"Sam Ficken",120,27.9114409595851
2020092708,924,"Rodrigo Blankenship",120,24.7007014811367
2020092708,1177,"Rodrigo Blankenship",120,27.1680735997075
2020092708,1936,"Rodrigo Blankenship",120,22.1691863340075
2020092708,2437,"Rodrigo Blankenship",120,26.3955807719868
2020092708,2761,"Rodrigo Blankenship",120,24.9826314424271
2020092708,3494,"Rodrigo Blankenship",0,24.0131807133783
2020092709,357,"Joey Slye",0,26.2597516489406
2020092709,1957,"Joey Slye",120,28.7624069261257
2020092709,2803,"Mike Badgley",0,29.4975789154004
2020092709,3071,"Joey Slye",0,28.6290403888071
2020092710,345,"Matt Prater",120,26.1290569911803
2020092710,1002,"Zane Gonzalez",0,27.8372336588669
2020092710,1488,"Matt Prater",0,27.0428175842132
2020092710,1802,"Zane Gonzalez",120,23.4382610091642
2020092710,2043,"Matt Prater",0,25.8712047543796
2020092710,2393,"Zane Gonzalez",0,27.6125519003679
2020092710,2821,"Matt Prater",120,27.0116009468757
2020092710,3142,"Zane Gonzalez",0,26.3178675778124
2020092710,3737,"Matt Prater",0,29.4147604338461
2020092710,4271,"Matt Prater",0,26.1083942737272
2020092711,335,"Ryan Succop",120,27.1757441211393
2020092711,999,"Ryan Succop",120,26.9072832579373
2020092711,1195,"Brandon McManus",120,28.4160350577211
2020092711,1499,"Ryan Succop",0,26.2835370522137
2020092711,2072,"Brandon McManus",120,24.8040086668098
2020092711,3178,"Ryan Succop",0,26.6860109484646
2020092712,456,"Greg Zuerlein",120,29.5201337080874
2020092712,615,"Jason Myers",0,24.1445867306107
2020092712,1016,"Greg Zuerlein",120,24.369734035308
2020092712,2574,"Jason Myers",120,27.29869644135
2020092712,2744,"Jason Myers",0,26.8567401908619
2020092712,3286,"Greg Zuerlein",120,29.9039548748809
2020092712,4412,"Greg Zuerlein",0,26.8616944150523
2020092713,401,"Mason Crosby",120,29.0441792568463
2020092713,874,"Mason Crosby",0,25.7101811618795
2020092713,1098,"Mason Crosby",0,24.6153410753152
2020092713,1404,"Wil Lutz",120,25.4582283106167
2020092713,1970,"Wil Lutz",120,26.112132642487
2020092713,2531,"Wil Lutz",0,29.5183933854206
2020092713,2756,"Mason Crosby",120,25.5896828452136
2020092713,2924,"Wil Lutz",0,25.8990747972172
2020092713,3344,"Mason Crosby",0,24.9522796348921
2020092713,3749,"Mason Crosby",0,24.7957583427023
2020092713,4026,"Wil Lutz",120,25.1284321330466
2020092800,304,"Justin Tucker",120,26.4239802685305
2020092800,538,"Harrison Butker",0,23.681134130331
2020092800,1116,"Harrison Butker",120,26.1113896366514
2020092800,1155,"Justin Tucker",0,26.9324634668331
2020092800,1572,"Harrison Butker",120,24.6501515160469
2020092800,1948,"Harrison Butker",120,24.4388435293029
2020092800,2258,"Harrison Butker",120,30.2522772264146
2020092800,2868,"Justin Tucker",120,26.8428981695451
2020092800,3206,"Justin Tucker",0,26.7942826616908
2020092800,3564,"Harrison Butker",120,29.3765315769351
2020100100,598,"Brandon McManus",0,28.0749467772876
2020100100,1635,"Sam Ficken",0,25.9569166165172
2020100100,1960,"Brandon McManus",120,28.4337839265182
2020100100,2317,"Sam Ficken",0,25.2618207379951
2020100100,2660,"Sam Ficken",120,26.9519920090754
2020100100,3003,"Brandon McManus",0,27.2654304841221
2020100100,3326,"Brandon McManus",120,29.8758709350501
2020100100,3497,"Sam Ficken",0,28.774553744631
2020100100,3851,"Sam Ficken",0,27.1871970919709
2020100100,4143,"Brandon McManus",120,28.43
2020100100,4380,"Brandon McManus",120,26.8535780218623
2020100400,597,"Joey Slye",0,25.5031253187711
2020100400,923,"Joey Slye",0,26.3219413049594
2020100400,1557,"Zane Gonzalez",0,25.9892926316246
2020100400,1845,"Joey Slye",120,24.0464011000458
2020100400,2783,"Joey Slye",0,27.9590728896044
2020100400,2971,"Zane Gonzalez",120,27.0173081429373
2020100400,3400,"Joey Slye",120,26.6356624636004
2020100400,3784,"Joey Slye",120,23.0646165042646
2020100400,4046,"Zane Gonzalez",0,24.6575395578802
2020100401,488,"Rodrigo Blankenship",120,28.2449803385625
2020100401,1446,"Cairo Santos",120,25.7260690715125
2020100401,1864,"Rodrigo Blankenship",0,29.4808059075867
2020100401,2283,"Rodrigo Blankenship",0,26.1893415232671
2020100401,3232,"Rodrigo Blankenship",0,24.6075486707277
2020100401,4102,"Rodrigo Blankenship",120,28.1753096511123
2020100402,467,"Aldrick Rosas",120,30.0822743693199
2020100402,729,"Randy Bullock",0,26.8922857266643
2020100402,970,"Aldrick Rosas",120,25.9989355379116
2020100402,1595,"Aldrick Rosas",0,23.8395010332216
2020100402,1885,"Randy Bullock",120,25.8838173256352
2020100402,2130,"Aldrick Rosas",0,27.8109627034143
2020100402,2341,"Randy Bullock",0,26.965832201934
2020100402,2710,"Randy Bullock",0,26.7882359194366
2020100402,3008,"Randy Bullock",0,29.0459471049765
2020100402,3241,"Aldrick Rosas",0,24.5296146677485
2020100402,3522,"Randy Bullock",120,25.7830730171303
2020100402,4102,"Randy Bullock",120,26.795015060151
2020100402,4254,"Aldrick Rosas",0,27.1010487896799
2020100403,245,"Cody Parkey",0,25.8619153921056
2020100403,408,"Greg Zuerlein",120,28.3580400622706
2020100403,890,"Greg Zuerlein",120,26.1545571213185
2020100403,1231,"Cody Parkey",120,24.5504722612072
2020100403,1668,"Cody Parkey",120,26.8543468605475
2020100403,2538,"Cody Parkey",0,26.3472487199298
2020100403,3176,"Cody Parkey",0,24.0930125013473
2020100404,379,"Matt Prater",0,25.4116763660151
2020100404,714,"Wil Lutz",120,26.059336794109
2020100404,1193,"Wil Lutz",0,27.3747154824759
2020100404,1538,"Wil Lutz",0,29.381213242347
2020100404,1842,"Wil Lutz",0,26.9076667216336
2020100404,2365,"Wil Lutz",120,25.545555619315
2020100404,2763,"Matt Prater",0,24.8144045648584
2020100405,580,"Dan Bailey",0,27.4868189896195
2020100405,1064,"Dan Bailey",120,29.4753576817911
2020100405,1307,"Ka'imi Fairbairn",0,28.8936403651351
2020100405,1645,"Dan Bailey",120,24.9000990052576
2020100405,2227,"Ka'imi Fairbairn",120,27.351954915109
2020100405,2402,"Dan Bailey",0,30.6720347012347
2020100405,2532,"Ka'imi Fairbairn",120,27.6957559634698
2020100405,2764,"Dan Bailey",0,26.8914992525377
2020100405,3052,"Dan Bailey",120,25.9741226262288
2020100405,3385,"Ka'imi Fairbairn",0,25.9774785701454
2020100406,290,"Jason Myers",120,25.3722725917466
2020100406,800,"Jason Sanders",0,24.6434815769615
2020100406,995,"Jason Myers",120,25.2986064901226
2020100406,1224,"Jason Sanders",120,25.7423482697218
2020100406,1865,"Jason Sanders",120,26.9240904228409
2020100406,2069,"Jason Myers",0,26.1344577861563
2020100406,2678,"Jason Sanders",0,24.6779827740022
2020100406,3255,"Jason Sanders",120,26.6850984573545
2020100406,3449,"Jason Myers",0,25.423013133823
2020100406,3619,"Jason Myers",0,27.3454617682232
2020100409,1127,"Dustin Hopkins",0,23.4980356459228
2020100409,1740,"Justin Tucker",120,25.9900728265071
2020100409,2078,"Dustin Hopkins",0,26.4674299105241
2020100409,2389,"Justin Tucker",0,28.0413313420794
2020100409,3376,"Justin Tucker",120,25.6810399245761
2020100409,3722,"Dustin Hopkins",0,25.4071093630606
2020100410,432,"Sam Sloman",120,26.4829542954479
2020100410,822,"Graham Gano",120,27.8588318300771
2020100410,1390,"Sam Sloman",0,25.8155569343221
2020100410,1764,"Graham Gano",120,29.2764688373425
2020100410,2680,"Graham Gano",0,28.0569924710319
2020100410,3116,"Sam Sloman",120,28.9612729526998
2020100412,253,"Tyler Bass",120,27.1802389505078
2020100412,564,"Daniel Carlson",0,25.3643137965246
2020100412,901,"Tyler Bass",0,28.1471065945412
2020100412,1237,"Daniel Carlson",120,26.3962362360727
2020100412,1535,"Tyler Bass",0,25.7326322098765
2020100412,1873,"Daniel Carlson",120,26.0794510276118
2020100412,2215,"Daniel Carlson",0,24.7327086860298
2020100412,2848,"Tyler Bass",0,30.6332146317118
2020100412,3191,"Tyler Bass",0,25.118317888923
2020100412,4006,"Daniel Carlson",120,28.5371304172905
2020100413,928,"Robbie Gould",120,26.0737903789431
2020100500,307,"Mason Crosby",120,28.7133583247544
2020100500,1112,"Elliott Fry",120,27.8801575942334
2020100500,1449,"Mason Crosby",0,22.9836713460331
2020100500,2391,"Elliott Fry",0,29.906612128735
2020100500,2547,"Mason Crosby",120,25.8044759920878
2020100500,2985,"Elliott Fry",120,26.4883842895736
2020100500,3299,"Mason Crosby",0,26.5461972852442
2020100501,313,"Harrison Butker",120,29.1364353908216
2020100501,883,"Harrison Butker",120,30.1443388380883
2020100501,1365,"Nick Folk",120,26.7304069237777
2020100501,2738,"Harrison Butker",0,26.3369804946023
2020100501,2963,"Nick Folk",0,26.8143811325216
2020100501,3262,"Harrison Butker",120,31.0037923454441
2020100501,3320,"Harrison Butker",120,28.9301594634455
2020100800,991,"Ryan Succop",0,26.2784080387513
2020100800,1650,"Ryan Succop",120,25.1362051666775
2020100800,2753,"Ryan Succop",0,25.5013825478151
2020100800,3551,"Cairo Santos",0,27.9495472958192
2020100800,3855,"Ryan Succop",120,26.6539132462686
2020100800,4451,"Cairo Santos",0,28.5514190684241
2020101100,449,"Younghoe Koo",120,25.2590258720519
2020101100,849,"Joey Slye",0,27.2985452299736
2020101100,1212,"Joey Slye",120,25.432391742713
2020101100,1613,"Joey Slye",120,26.626800428096
2020101100,2081,"Joey Slye",120,27.4046271464714
2020101100,2336,"Younghoe Koo",120,26.0174216720422
2020101100,3032,"Younghoe Koo",0,26.1947627228376
2020101100,3815,"Joey Slye",120,26.7646004024142
2020101100,4042,"Younghoe Koo",0,24.9909532817796
2020101101,288,"Justin Tucker",120,27.5051135142878
2020101101,862,"Justin Tucker",120,29.3933081177831
2020101101,1088,"Justin Tucker",0,24.3798797488775
2020101101,2315,"Justin Tucker",0,33.0108398850423
2020101101,3009,"Justin Tucker",0,23.9803408723085
2020101101,3565,"Justin Tucker",120,28.8610186028563
2020101101,3923,"Randy Bullock",0,25.6283249731933
2020101102,851,"Ka'imi Fairbairn",0,30.0375695194527
2020101102,1240,"Stephen Hauschka",120,25.2719956359338
2020101102,1365,"Ka'imi Fairbairn",0,27.2503064201744
2020101102,1701,"Stephen Hauschka",120,30.5627589512458
2020101102,1881,"Stephen Hauschka",120,29.8655261088393
2020101102,2176,"Ka'imi Fairbairn",0,28.9526972266522
2020101102,2860,"Ka'imi Fairbairn",120,25.454289037431
2020101102,3125,"Stephen Hauschka",0,28.1502605516515
2020101102,3268,"Ka'imi Fairbairn",120,24.151498038829
2020101102,3596,"Ka'imi Fairbairn",120,28.2364816604304
2020101103,527,"Daniel Carlson",120,25.4174190927981
2020101103,797,"Harrison Butker",0,28.9964589388334
2020101103,1078,"Harrison Butker",120,26.9953063773942
2020101103,1221,"Daniel Carlson",0,27.7966911951614
2020101103,1574,"Daniel Carlson",0,25.4423496480539
2020101103,1905,"Daniel Carlson",0,25.3563227095791
2020101103,2314,"Harrison Butker",120,26.7528701281752
2020101103,3295,"Daniel Carlson",0,23.28501538574
2020101103,3690,"Daniel Carlson",0,25.4378856253569
2020101103,3840,"Daniel Carlson",0,25.7109460327205
2020101106,833,"Chris Boswell",120,26.722478416128
2020101106,935,"Jake Elliott",0,27.5529194331359
2020101106,1174,"Chris Boswell",0,25.1736857234488
2020101106,1483,"Jake Elliott",120,28.5920888761461
2020101106,1793,"Chris Boswell",0,28.7564228037015
2020101106,2280,"Chris Boswell",120,27.5348944216829
2020101106,2504,"Chris Boswell",120,27.3286088098217
2020101106,3298,"Jake Elliott",120,28.4364669792686
2020101106,3776,"Jake Elliott",120,23.157826784759
2020101106,3993,"Chris Boswell",0,25.0724341306439
2020101108,390,"Sam Sloman",120,30.5799439202914
2020101108,770,"Dustin Hopkins",0,23.9731612588979
2020101108,949,"Sam Sloman",0,28.359952650092
2020101108,1406,"Sam Sloman",0,24.344369836025
2020101108,2307,"Dustin Hopkins",120,24.8710656671839
2020101108,3610,"Sam Sloman",0,27.1937402597403
2020101111,313,"Greg Zuerlein",0,28.6723531767068
2020101111,600,"Graham Gano",120,29.0668257149054
2020101111,708,"Graham Gano",120,25.6865407302299
2020101111,1090,"Graham Gano",0,25.9033853392498
2020101111,1517,"Greg Zuerlein",120,24.7588049541004
2020101111,1651,"Greg Zuerlein",120,26.1062342375854
2020101111,1954,"Graham Gano",0,28.306246925196
2020101111,2164,"Greg Zuerlein",120,25.9511456798159
2020101111,2932,"Greg Zuerlein",120,24.5077924666394
2020101111,3889,"Greg Zuerlein",0,29.900755168897
2020101112,342,"Dan Bailey",0,25.7996560159023
2020101112,2119,"Jason Myers",120,25.5010987607794
2020101112,2350,"Jason Myers",120,26.2188091410489
2020101200,498,"Mike Badgley",120,21.4258316193897
2020101200,895,"Wil Lutz",0,26.8141343812878
2020101200,1172,"Mike Badgley",0,25.4774187896537
2020101200,1611,"Mike Badgley",0,29.1059644755415
2020101200,2187,"Wil Lutz",120,27.2414170154691
2020101200,2793,"Wil Lutz",0,26.4503135260445
2020101200,3360,"Wil Lutz",120,27.3278387608691
2020101200,3837,"Mike Badgley",0,25.230432484303
2020101200,4132,"Wil Lutz",120,25.7979276348601
2020101200,4410,"Mike Badgley",0,26.8256937799043
2020101200,4718,"Wil Lutz",120,28.2095988304339
2020101800,285,"Cairo Santos",120,25.8024453419615
2020101800,632,"Joey Slye",0,27.017982198804
2020101800,1221,"Cairo Santos",0,26.4985270587307
2020101800,1651,"Joey Slye",120,26.55715069076
2020101800,1930,"Cairo Santos",0,26.9082212709035
2020101800,2538,"Joey Slye",120,21.1094696751276
2020101800,2831,"Cairo Santos",0,28.1351976417146
2020101800,3208,"Joey Slye",0,27.6887312902485
2020101800,3454,"Cairo Santos",120,28.0630984961797
2020101800,3591,"Joey Slye",0,29.6563663763829
2020101801,303,"Randy Bullock",120,25.2181293610001
2020101801,706,"Randy Bullock",120,23.9136773489774
2020101801,988,"Randy Bullock",0,26.5432723771951
2020101801,1226,"Rodrigo Blankenship",120,25.0524205770357
2020101801,1468,"Randy Bullock",0,28.9885550181733
2020101801,1745,"Rodrigo Blankenship",120,24.5443571922828
2020101801,2178,"Rodrigo Blankenship",120,25.7198727663553
2020101801,2949,"Randy Bullock",120,25.5735752161487
2020101801,3194,"Rodrigo Blankenship",120,26.8020175631978
2020101801,3625,"Randy Bullock",0,30.4639700984156
2020101801,3860,"Rodrigo Blankenship",120,28.7784358624602
2020101802,421,"Matt Prater",120,27.7274587099106
2020101802,722,"Jon Brown",0,27.7505810594441
2020101802,900,"Matt Prater",0,26.8244622421307
2020101802,1332,"Jon Brown",120,23.2702646125963
2020101802,1647,"Matt Prater",0,27.662766093929
2020101802,2546,"Matt Prater",0,26.1551536308598
2020101802,2842,"Jon Brown",120,25.2051480773012
2020101802,3143,"Matt Prater",120,27.0898705819448
2020101802,3446,"Matt Prater",120,29.435235253257
2020101803,206,"Younghoe Koo",120,26.7300499936949
2020101803,1582,"Younghoe Koo",0,27.8091094520434
2020101803,2010,"Younghoe Koo",0,26.5812934262439
2020101803,3520,"Younghoe Koo",120,26.7132283206607
2020101804,583,"Graham Gano",120,26.5446975264702
2020101804,1040,"Dustin Hopkins",120,25.2609925880957
2020101804,1251,"Graham Gano",0,25.6037161463321
2020101804,1720,"Dustin Hopkins",120,24.7669657923246
2020101804,2903,"Dustin Hopkins",0,26.066673767865
2020101804,3268,"Graham Gano",120,26.98611712231
2020101805,369,"Justin Tucker",0,28.035094375663
2020101805,991,"Justin Tucker",0,24.8245456550596
2020101805,1242,"Justin Tucker",120,26.7919985942661
2020101805,2208,"Jake Elliott",0,30.5661584327087
2020101805,2807,"Justin Tucker",120,26.8969860367391
2020101805,3555,"Justin Tucker",0,28.2731533676858
2020101805,3796,"Justin Tucker",0,27.3569911737193
2020101806,285,"Chris Boswell",120,26.7668223987926
2020101806,395,"Chris Boswell",120,27.5594413569553
2020101806,1173,"Chris Boswell",0,25.8324351142743
2020101806,1481,"Chris Boswell",0,26.8370200740102
2020101806,1818,"Cody Parkey",120,26.8147460508704
2020101810,297,"Mason Crosby",0,27.233728581783
2020101810,727,"Mason Crosby",0,26.7924152606731
2020101810,1039,"Ryan Succop",0,23.813672916187
2020101811,213,"Robbie Gould",120,23.6023593140352
2020101811,1809,"Robbie Gould",0,27.2357028653933
2020101811,2413,"Sam Sloman",0,24.9076154528892
2020101812,177,"Brandon McManus",0,29.4070537768364
2020101812,413,"Brandon McManus",0,25.323703456908
2020101812,942,"Brandon McManus",120,27.5268033486535
2020101812,1261,"Nick Folk",0,28.6315246351198
2020101812,1592,"Brandon McManus",120,26.2327515214632
2020101812,2119,"Brandon McManus",120,26.3750914448721
2020101812,2324,"Brandon McManus",120,26.141218280895
2020101812,3191,"Nick Folk",120,26.3664313712942
2020101813,528,"Jason Sanders",0,27.6279291221331
2020101813,1113,"Jason Sanders",120,29.0843944208027
2020101813,1733,"Jason Sanders",120,24.8602791462579
2020101813,2768,"Jason Sanders",0,25.1959817678515
2020101813,2928,"Sam Ficken",120,31.686152987131
2020101900,1274,"Zane Gonzalez",0,23.7787252099901
2020101900,1506,"Zane Gonzalez",0,27.0385042761877
2020101900,1841,"Zane Gonzalez",0,26.9480359199518
2020101900,2248,"Greg Zuerlein",120,26.9879659307524
2020101900,2704,"Zane Gonzalez",120,27.2569909088071
2020101900,2951,"Greg Zuerlein",0,34.2672235557812
2020101900,3633,"Zane Gonzalez",0,25.5041426639164
2020101900,4255,"Greg Zuerlein",120,25.1638170306241
2020101901,604,"Tyler Bass",0,27.3198792344403
2020101901,801,"Harrison Butker",120,25.307841524868
2020101901,1209,"Tyler Bass",120,27.3606601245075
2020101901,1547,"Harrison Butker",0,30.1917256487067
2020101901,2058,"Tyler Bass",120,17.6188738458594
2020101901,2772,"Harrison Butker",0,27.2208798777062
2020101901,3437,"Tyler Bass",0,26.8846941872693
2020102200,385,"Jake Elliott",0,26.4949412726705
2020102200,725,"Graham Gano",120,26.9561527272913
2020102200,2691,"Graham Gano",120,27.062167930852
2020102200,3511,"Graham Gano",0,27.662269264217
2020102500,655,"Matt Prater",120,27.2365427410502
2020102500,1421,"Younghoe Koo",120,26.212842110432
2020102500,2048,"Younghoe Koo",120,25.8667092351306
2020102500,2230,"Matt Prater",0,25.8217810773135
2020102500,2548,"Matt Prater",120,26.7584406864241
2020102500,3532,"Matt Prater",0,31.5105850023369
2020102500,3713,"Matt Prater",0,27.1919936471187
2020102500,4362,"Matt Prater",0,27.7337829142445
2020102502,974,"Cody Parkey",120,25.27667733488
2020102502,1276,"Randy Bullock",120,27.0279752818023
2020102502,1613,"Cody Parkey",0,25.4083493122892
2020102502,1968,"Randy Bullock",120,29.0609289866652
2020102502,2259,"Cody Parkey",0,26.5429260823531
2020102502,2657,"Randy Bullock",120,28.1852372972009
2020102502,2949,"Cody Parkey",120,28.6874847818489
2020102502,3345,"Randy Bullock",0,26.4991056030194
2020102502,3581,"Cody Parkey",120,24.7081686513332
2020102502,3970,"Randy Bullock",0,27.1195619319217
2020102502,4166,"Cody Parkey",120,30.0465608181263
2020102503,331,"Mason Crosby",0,26.5393909875612
2020102503,990,"Mason Crosby",120,27.9160341549032
2020102503,1588,"Ka'imi Fairbairn",0,22.8942148805408
2020102503,1876,"Mason Crosby",120,27.194602655436
2020102503,2570,"Mason Crosby",0,28.644294006909
2020102503,2953,"Ka'imi Fairbairn",0,27.9464588607595
2020102503,3264,"Ka'imi Fairbairn",0,26.9788690320223
2020102503,3719,"Mason Crosby",120,25.4195418500234
2020102503,3982,"Ka'imi Fairbairn",0,26.5861913766197
2020102505,671,"Joey Slye",0,29.506774795136
2020102505,971,"Wil Lutz",0,27.8869462388756
2020102505,1088,"Joey Slye",120,26.8920734240296
2020102505,1652,"Joey Slye",120,27.7778037504691
2020102505,1939,"Wil Lutz",0,26.814868773187
2020102505,2642,"Wil Lutz",120,24.0605259758525
2020102505,2899,"Joey Slye",0,27.263445632554
2020102505,3293,"Wil Lutz",0,27.9115965319315
2020102505,3610,"Joey Slye",120,25.6297907488986
2020102506,318,"Sergio Castillo",0,26.5964375455722
2020102506,493,"Tyler Bass",120,32.0870837570125
2020102506,1417,"Sergio Castillo",120,27.0237237888458
2020102506,1682,"Tyler Bass",0,24.1993191958138
2020102506,2076,"Tyler Bass",0,27.4285224325264
2020102506,2338,"Tyler Bass",120,27.2098147929856
2020102506,2898,"Tyler Bass",120,27.5465572463918
2020102506,3204,"Tyler Bass",0,22.4050969962964
2020102506,3555,"Tyler Bass",0,27.9198591675415
2020102506,3900,"Tyler Bass",0,25.7728719931441
2020102507,723,"Dustin Hopkins",0,26.2355646686512
2020102507,852,"Greg Zuerlein",120,25.8080515398153
2020102507,1820,"Dustin Hopkins",120,26.2983899972524
2020102507,3186,"Dustin Hopkins",0,26.5471150331287
2020102507,3628,"Dustin Hopkins",0,32.5365391841548
2020102508,208,"Jason Myers",0,26.5083551203368
2020102508,635,"Jason Myers",0,26.0945376309272
2020102508,937,"Zane Gonzalez",120,25.1902484068195
2020102508,1824,"Jason Myers",120,27.3560975822678
2020102508,2025,"Zane Gonzalez",0,26.774692717541
2020102508,2182,"Jason Myers",120,27.5667024873855
2020102508,2417,"Zane Gonzalez",0,25.7415819559956
2020102508,3144,"Zane Gonzalez",0,25.9527277921046
2020102508,3831,"Jason Myers",0,26.1683153706828
2020102508,4310,"Zane Gonzalez",120,28.6445611243262
2020102508,4708,"Zane Gonzalez",120,29.0665877645381
2020102508,5101,"Zane Gonzalez",120,31.6615854627621
2020102508,5483,"Zane Gonzalez",120,29.2154165080212
2020102509,365,"Harrison Butker",120,26.503935891084
2020102509,641,"Brandon McManus",0,22.6054943021784
2020102509,802,"Harrison Butker",120,26.5156821228953
2020102509,1313,"Harrison Butker",0,24.8364792986988
2020102509,1477,"Brandon McManus",120,26.7734756016266
2020102509,1519,"Harrison Butker",0,25.7631841655865
2020102509,2360,"Harrison Butker",0,24.4126789704476
2020102509,2796,"Harrison Butker",0,25.2261024984218
2020102509,3130,"Harrison Butker",120,26.6338889738826
2020102509,3405,"Brandon McManus",0,26.6038117711765
2020102509,3612,"Harrison Butker",120,29.1652537252592
2020102510,267,"Robbie Gould",0,26.4447725891857
2020102510,840,"Nick Folk",0,29.6465646776303
2020102510,1147,"Robbie Gould",120,25.6314852849955
2020102510,1330,"Robbie Gould",120,29.8703384384827
2020102510,1705,"Robbie Gould",120,28.147319126832
2020102510,2333,"Robbie Gould",0,27.2775100000409
2020102510,2767,"Robbie Gould",120,26.2263104825455
2020102511,283,"Daniel Carlson",120,28.7835538959621
2020102511,576,"Ryan Succop",0,26.2635854316125
2020102511,946,"Daniel Carlson",0,26.0101379237969
2020102511,1512,"Ryan Succop",120,26.6928783935357
2020102511,2080,"Ryan Succop",120,27.2401807247638
2020102511,2592,"Ryan Succop",120,27.7338809511297
2020102511,2859,"Daniel Carlson",0,27.7240160198928
2020102511,3263,"Daniel Carlson",120,26.3991139618098
2020102511,3586,"Ryan Succop",0,26.4302830623181
2020102511,3687,"Ryan Succop",0,23.9415408064327
2020102511,4023,"Ryan Succop",0,25.201998053669
2020102512,537,"Chris Boswell",0,27.6380083401283
2020102512,1036,"Chris Boswell",120,28.1002371715992
2020102512,1356,"Stephen Gostkowski",0,26.1608251878883
2020102512,1557,"Chris Boswell",120,26.4582232712696
2020102512,1811,"Chris Boswell",120,27.0015869435707
2020102512,2411,"Chris Boswell",0,27.0732766310902
2020102512,2491,"Stephen Gostkowski",120,27.4818904723699
2020102512,2863,"Stephen Gostkowski",120,27.3315196265811
2020102512,3394,"Stephen Gostkowski",0,28.4799802582874
2020102512,4217,"Stephen Gostkowski",0,30.2992004049813
2020102513,338,"Mike Badgley",120,27.6409446859326
2020102513,977,"Mike Badgley",120,30.3249377205709
2020102513,1263,"Mike Badgley",0,26.8704146093655
2020102513,2304,"Josh Lambo",120,27.3807116959437
2020102513,2490,"Mike Badgley",0,23.5344759884422
2020102513,3088,"Mike Badgley",0,27.5795516913415
2020102513,3256,"Mike Badgley",0,25.0743714915086
2020102513,3758,"Mike Badgley",120,28.5058831973406
2020102600,809,"Sam Sloman",0,25.7447253197461
2020102600,1040,"Cairo Santos",0,25.3251113583603
2020102600,1602,"Sam Sloman",120,28.6620131126261
2020102600,2537,"Sam Sloman",120,27.9779697147459
2020102600,2969,"Sam Sloman",120,28.6915720520922
2020102600,3258,"Sam Sloman",0,25.4912411281029
2020102600,3559,"Cairo Santos",120,26.7474009347584
2020102900,225,"Younghoe Koo",0,26.5634310585459
2020102900,463,"Joey Slye",120,28.0699196863657
2020102900,797,"Younghoe Koo",0,25.4193112377669
2020102900,1135,"Joey Slye",0,25.6435612995154
2020102900,1453,"Younghoe Koo",120,25.6196447011084
2020102900,1931,"Younghoe Koo",120,27.4059056704973
2020102900,2474,"Younghoe Koo",0,24.5062926324265
2020102900,2831,"Joey Slye",120,26.4435165169858
2020102900,3151,"Younghoe Koo",120,22.9016907289182
2020110100,511,"Tyler Bass",120,27.352548597625
2020110100,1162,"Nick Folk",120,27.2441385896869
2020110100,1892,"Nick Folk",120,28.3421483197788
2020110100,2101,"Tyler Bass",120,27.8571140980322
2020110100,2878,"Tyler Bass",0,27.2888863086151
2020110100,3077,"Nick Folk",120,27.4520806037262
2020110100,3326,"Tyler Bass",0,27.3849074735908
2020110101,336,"Randy Bullock",0,26.0358792413203
2020110101,888,"Stephen Gostkowski",120,23.404271696225
2020110101,1214,"Randy Bullock",120,26.9618317006963
2020110101,1496,"Stephen Gostkowski",0,25.2363486451062
2020110101,1847,"Randy Bullock",120,24.9840350278083
2020110101,3094,"Randy Bullock",120,26.9284736508181
2020110101,3346,"Stephen Gostkowski",0,27.4211593804816
2020110101,3547,"Randy Bullock",120,26.561853282243
2020110102,273,"Daniel Carlson",0,22.4272884682217
2020110102,985,"Cody Parkey",0,23.5860497153266
2020110102,1414,"Daniel Carlson",120,27.9510502042874
2020110102,1950,"Daniel Carlson",120,27.3260387946233
2020110102,2264,"Cody Parkey",120,26.4602757154207
2020110102,2725,"Daniel Carlson",120,27.3187820733588
2020110102,3248,"Daniel Carlson",120,24.8113552587707
2020110102,3642,"Cody Parkey",0,23.1751076837613
2020110103,583,"Matt Prater",0,26.6618285439913
2020110103,1062,"Rodrigo Blankenship",0,26.4999717202511
2020110103,1444,"Rodrigo Blankenship",0,27.4605684563081
2020110103,1748,"Rodrigo Blankenship",0,30.3689541565573
2020110103,1994,"Matt Prater",120,33.3920980141382
2020110103,2250,"Matt Prater",0,24.6163849992362
2020110103,3095,"Rodrigo Blankenship",0,28.6885757454494
2020110103,3258,"Matt Prater",120,26.6977794110211
2020110103,3644,"Rodrigo Blankenship",0,30.3682519239099
2020110104,365,"Mason Crosby",120,26.6293666806279
2020110104,674,"Dan Bailey",0,28.3244847177722
2020110104,1175,"Mason Crosby",0,27.3435637691002
2020110104,1608,"Dan Bailey",120,27.850148755636
2020110104,2028,"Dan Bailey",0,26.3038841521949
2020110104,2320,"Dan Bailey",0,26.9826142573965
2020110105,256,"Harrison Butker",0,27.3071421233299
2020110105,580,"Sergio Castillo",120,28.9159340252038
2020110105,795,"Harrison Butker",0,28.0460751080857
2020110105,1009,"Sergio Castillo",0,29.0710262961341
2020110105,1519,"Sergio Castillo",0,29.5889601848944
2020110105,1791,"Harrison Butker",120,25.9314735759862
2020110105,2903,"Harrison Butker",120,27.2470665657016
2020110105,3448,"Harrison Butker",0,28.4946553203555
2020110106,312,"Kai Forbath",120,25.7149996954435
2020110106,1039,"Jason Sanders",0,27.5741938176168
2020110106,1924,"Jason Sanders",120,26.7105254898023
2020110106,2465,"Kai Forbath",0,26.1248155165792
2020110106,3851,"Kai Forbath",0,24.5771172207653
2020110106,4288,"Kai Forbath",0,18.2555173736822
2020110108,313,"Wil Lutz",0,29.7916153989917
2020110108,1052,"Wil Lutz",120,23.9111903012491
2020110108,1184,"Cairo Santos",0,25.848603587819
2020110108,1758,"Cairo Santos",0,27.0541345127688
2020110108,2121,"Wil Lutz",120,25.6408443913766
2020110108,2457,"Wil Lutz",0,27.1941682127492
2020110108,2768,"Wil Lutz",0,27.1223183797861
2020110108,3399,"Wil Lutz",120,26.0173943239862
2020110108,3765,"Cairo Santos",0,26.6460001204001
2020110108,4295,"Cairo Santos",0,28.5670085849417
2020110108,5069,"Wil Lutz",0,28.9960246699274
2020110109,870,"Jason Myers",120,22.5402595862147
2020110109,1300,"Robbie Gould",120,25.6841525969479
2020110109,1600,"Jason Myers",0,24.5383825862133
2020110109,2433,"Jason Myers",0,25.6359963075525
2020110109,2640,"Jason Myers",0,25.0876329303247
2020110109,2983,"Jason Myers",120,27.4218088634853
2020110109,4114,"Jason Myers",120,25.9700430206554
2020110109,4396,"Robbie Gould",0,29.9027370919881
2020110110,237,"Greg Zuerlein",120,26.6978845096568
2020110110,768,"Jake Elliott",0,25.2312349675174
2020110110,1212,"Greg Zuerlein",0,28.6453649658716
2020110110,2039,"Greg Zuerlein",0,28.4992314436739
2020110110,2544,"Greg Zuerlein",0,35.0230837181616
2020110111,125,"Chris Boswell",0,25.5957784955564
2020110111,406,"Justin Tucker",120,26.0146389491867
2020110111,1335,"Justin Tucker",0,27.0134283440512
2020110111,2093,"Justin Tucker",0,27.0934916262849
2020110111,2339,"Chris Boswell",0,26.8112553965118
2020110111,3324,"Justin Tucker",0,25.9103408232095
2020110111,3615,"Chris Boswell",120,27.3241548010065
2020110112,331,"Brandon McManus",120,26.6723279156544
2020110112,1720,"Michael Badgley",120,28.4175878118284
2020110112,2094,"Michael Badgley",120,27.3491436990813
2020110112,2416,"Michael Badgley",0,27.0782005243239
2020110112,2717,"Michael Badgley",0,26.7414241323379
2020110112,2862,"Brandon McManus",120,24.9733105943084
2020110112,3490,"Brandon McManus",0,26.6685387868429
2020110112,3718,"Michael Badgley",120,25.3348232745408
2020110112,3816,"Brandon McManus",0,27.4511712366944
2020110112,4173,"Michael Badgley",120,26.2307473294884
2020110112,4733,"Brandon McManus",0,27.0067420700015
2020110200,321,"Ryan Succop",120,24.8844883894704
2020110200,760,"Graham Gano",0,26.453112188148
2020110200,2126,"Ryan Succop",0,24.6072596063788
2020110200,2506,"Ryan Succop",120,26.1129824387463
2020110200,3095,"Graham Gano",0,25.644057827924
2020110200,3565,"Ryan Succop",0,26.9726182289553
2020110200,3922,"Ryan Succop",0,28.522289486674
2020110500,866,"Robbie Gould",120,26.0789015204488
2020110500,1509,"Mason Crosby",120,26.1560055655103
2020110500,1905,"Mason Crosby",120,27.5033766034735
2020110500,2531,"Mason Crosby",120,25.064164301989
2020110500,2860,"Mason Crosby",120,24.8280091415633
2020110500,3422,"Mason Crosby",0,28.1355338097723
2020110500,3572,"Robbie Gould",120,28.2674124614101
2020110500,4062,"Robbie Gould",120,27.5503628636933
2020110800,271,"Younghoe Koo",120,28.6296251249628
2020110800,780,"Younghoe Koo",120,25.6629159590515
2020110800,1061,"Brandon McManus",120,27.791750946506
2020110800,1319,"Younghoe Koo",0,26.8633005127573
2020110800,1820,"Younghoe Koo",0,28.2270876789523
2020110800,2318,"Brandon McManus",120,27.3211956222781
2020110800,2698,"Younghoe Koo",0,28.0624145056996
2020110800,3274,"Brandon McManus",0,27.1661769953618
2020110800,3538,"Younghoe Koo",120,25.1632843434845
2020110800,3972,"Brandon McManus",0,27.9533882758325
2020110800,4305,"Brandon McManus",0,27.9647141612611
2020110801,153,"Tyler Bass",120,27.4052769581307
2020110801,634,"Tyler Bass",120,26.8493287572831
2020110801,1449,"Jason Myers",120,25.0888893635813
2020110801,1911,"Jason Myers",120,27.8007959039804
2020110801,2154,"Tyler Bass",0,32.4739208695873
2020110801,2767,"Jason Myers",120,27.1315198181663
2020110801,3013,"Jason Myers",120,29.7256061788901
2020110801,3505,"Tyler Bass",120,26.0339802123329
2020110801,3606,"Jason Myers",0,25.1905290869354
2020110801,3907,"Tyler Bass",120,25.4607214371917
2020110801,4133,"Jason Myers",0,26.0110637650889
2020110804,536,"Joey Slye",120,25.7765271543054
2020110804,825,"Harrison Butker",0,25.8320492085809
2020110804,1104,"Joey Slye",0,27.4809464334878
2020110804,1249,"Harrison Butker",120,25.0795113891341
2020110804,1653,"Harrison Butker",120,26.2899414700871
2020110804,2133,"Joey Slye",0,29.8889079733625
2020110804,2546,"Harrison Butker",120,32.0633581810004
2020110804,2726,"Joey Slye",0,23.2835271188699
2020110804,2881,"Harrison Butker",120,26.2994164273837
2020110804,3323,"Harrison Butker",0,26.9835834195242
2020110804,3587,"Joey Slye",120,25.1028778467909
2020110804,3859,"Harrison Butker",0,28.8440517846718
2020110804,4621,"Joey Slye",120,15.8691187669378
2020110805,607,"Matt Prater",0,21.21
2020110805,739,"Dan Bailey",120,22.08916478004
2020110805,1115,"Matt Prater",120,26.7486785451893
2020110805,1606,"Matt Prater",120,28.0577784875993
2020110805,1805,"Dan Bailey",0,26.1441170235508
2020110805,2399,"Dan Bailey",120,27.2630638301775
2020110805,3156,"Matt Prater",120,25.2945762093777
2020110805,3219,"Dan Bailey",0,26.8591708809135
2020110805,3519,"Matt Prater",120,26.4703499553881
2020110806,640,"Stephen Gostkowski",120,25.0644632492359
2020110806,1563,"Stephen Gostkowski",0,27.4225919345353
2020110806,2640,"Stephen Gostkowski",120,26.7664207184313
2020110806,3033,"Cairo Santos",120,27.2369646598687
2020110806,3260,"Stephen Gostkowski",0,28.688614889866
2020110806,3527,"Cairo Santos",120,27.2105638618641
2020110806,4150,"Cairo Santos",120,25.3821878380091
2020110807,428,"Graham Gano",120,28.0735275132606
2020110807,930,"Graham Gano",120,28.5674778596138
2020110807,1321,"Dustin Hopkins",120,25.0886319348462
2020110807,1595,"Graham Gano",0,24.1753180298783
2020110807,1985,"Graham Gano",0,26.6675246006711
2020110807,2510,"Dustin Hopkins",120,24.2403031054577
2020110807,2831,"Graham Gano",0,24.1958986043725
2020110807,3109,"Dustin Hopkins",0,26.6051483403157
2020110807,3412,"Dustin Hopkins",0,26.0205270747648
2020110808,463,"Michael Badgley",0,31.1304667126265
2020110808,651,"Daniel Carlson",120,28.8541991214261
2020110808,1012,"Michael Badgley",120,26.9124751308657
2020110808,1771,"Michael Badgley",120,27.4342756647022
2020110808,1872,"Michael Badgley",120,26.9403049334046
2020110808,2058,"Daniel Carlson",120,27.445132387368
2020110808,2386,"Daniel Carlson",120,27.0258578809795
2020110808,2621,"Michael Badgley",0,26.6152297148788
2020110808,3457,"Daniel Carlson",0,26.6646247481531
2020110809,302,"Jason Sanders",0,26.0897450599579
2020110809,653,"Zane Gonzalez",120,25.7821710511502
2020110809,1134,"Jason Sanders",0,25.4299548664597
2020110809,1325,"Zane Gonzalez",0,25.6066212790393
2020110809,1617,"Jason Sanders",120,25.2405482854766
2020110809,1931,"Zane Gonzalez",0,26.2158905920119
2020110809,2458,"Jason Sanders",120,23.8876444381699
2020110809,2732,"Zane Gonzalez",0,26.9872364780001
2020110809,3336,"Zane Gonzalez",0,25.0491652884154
2020110809,3707,"Jason Sanders",0,27.1335514795039
2020110809,4173,"Jason Sanders",0,29.0226857063959
2020110809,4327,"Zane Gonzalez",120,25.3641175244669
2020110810,1175,"Greg Zuerlein",120,24.9993245942801
2020110810,1394,"Greg Zuerlein",120,26.5375621012782
2020110810,1692,"Chris Boswell",0,22.5300464445474
2020110810,2011,"Chris Boswell",0,25.3075972846551
2020110810,2305,"Greg Zuerlein",0,25.3368825177033
2020110810,2672,"Greg Zuerlein",0,24.3689301855303
2020110810,3465,"Chris Boswell",0,24.9797295029769
2020110811,931,"Wil Lutz",0,27.4853824028261
2020110811,1216,"Wil Lutz",120,24.2187638821202
2020110811,1416,"Wil Lutz",120,26.492198432636
2020110811,1839,"Wil Lutz",120,25.6932005838748
2020110811,3149,"Wil Lutz",120,25.8475151482411
2020110811,3372,"Ryan Succop",0,28.6910629947866
2020110900,296,"Sergio Castillo",0,25.4330211066743
2020110900,515,"Nick Folk",120,24.7700964365623
2020110900,1417,"Sergio Castillo",120,28.6468528800027
2020110900,1803,"Nick Folk",0,28.8872285327864
2020110900,1923,"Sergio Castillo",120,27.187571953334
2020110900,2391,"Nick Folk",120,26.3259679120149
2020110900,2686,"Sergio Castillo",0,28.294247761072
2020110900,3597,"Nick Folk",0,26.4774071566731
2020110900,3962,"Nick Folk",0,26.5509107964107
2020111200,210,"Stephen Gostkowski",120,26.5945093823918
2020111200,870,"Rodrigo Blankenship",0,27.2329235290982
2020111200,1139,"Stephen Gostkowski",0,25.9633873676129
2020111200,1392,"Rodrigo Blankenship",120,26.2527722953147
2020111200,1768,"Stephen Gostkowski",0,27.8772860103955
2020111200,2164,"Rodrigo Blankenship",120,27.5976738770051
2020111200,2817,"Rodrigo Blankenship",120,26.5821185985125
2020111200,2953,"Rodrigo Blankenship",120,27.0328536071456
2020111200,3282,"Stephen Gostkowski",120,22.8825830407398
2020111200,3442,"Rodrigo Blankenship",0,27.2636203215118
2020111500,383,"Joey Slye",0,27.4897456704063
2020111500,670,"Ryan Succop",120,25.8238131888512
2020111500,795,"Joey Slye",0,28.3240214197087
2020111500,1162,"Ryan Succop",0,28.5213353098014
2020111500,1488,"Joey Slye",120,27.1196408174309
2020111500,1781,"Ryan Succop",0,29.3349265285969
2020111500,2281,"Ryan Succop",120,27.3907579825882
2020111500,2789,"Ryan Succop",120,25.8443847451242
2020111500,3129,"Ryan Succop",0,24.0795384406086
2020111500,3461,"Ryan Succop",0,26.9040633076467
2020111500,3739,"Ryan Succop",0,28.3832194133872
2020111501,387,"Cody Parkey",0,26.2873442885841
2020111501,2558,"Ka'imi Fairbairn",120,30.6952733409735
2020111501,2923,"Cody Parkey",120,24.4553425533435
2020111501,3462,"Ka'imi Fairbairn",0,28.7417383483994
2020111502,659,"Dustin Hopkins",120,28.8345766849033
2020111502,1166,"Matt Prater",120,27.3200425824567
2020111502,1367,"Dustin Hopkins",0,31.6721345371055
2020111502,2053,"Matt Prater",120,25.7370917647059
2020111502,2481,"Matt Prater",120,28.16485018747
2020111502,2833,"Dustin Hopkins",0,24.4625747292065
2020111502,3238,"Dustin Hopkins",120,28.2320539052918
2020111502,3575,"Dustin Hopkins",120,27.64465004158
2020111502,4477,"Dustin Hopkins",120,28.1692432283516
2020111502,4626,"Matt Prater",0,24.2694388459682
2020111503,278,"Chase McLaughlin",120,24.6414828344091
2020111503,952,"Mason Crosby",120,26.6773825979498
2020111503,1272,"Chase McLaughlin",0,24.5593412384717
2020111503,1732,"Mason Crosby",120,23.7493550253073
2020111503,2054,"Mason Crosby",120,29.2508960241842
2020111503,2408,"Chase McLaughlin",0,26.8635506253008
2020111503,3158,"Chase McLaughlin",120,26.2113180877074
2020111503,3373,"Mason Crosby",0,23.9478126515043
2020111504,260,"Graham Gano",0,27.2249654173138
2020111504,570,"Jake Elliott",120,26.9552901142334
2020111504,2555,"Graham Gano",120,26.5313575613636
2020111504,3616,"Graham Gano",0,26.5942273709461
2020111504,3996,"Graham Gano",0,29.090799517146
2020111505,825,"Chris Boswell",120,26.693841953885
2020111505,3260,"Chris Boswell",120,29.6040420118411
2020111505,4028,"Chris Boswell",0,28.0816669015176
2020111505,4280,"Randy Bullock",120,25.5983962067578
2020111506,330,"Zane Gonzalez",120,25.4781254167074
2020111506,949,"Tyler Bass",120,24.8135686399652
2020111506,1272,"Zane Gonzalez",0,24.2629654645751
2020111506,1516,"Tyler Bass",120,24.2257554479993
2020111506,1971,"Zane Gonzalez",0,25.6413979979606
2020111506,2236,"Tyler Bass",120,28.6570044657717
2020111506,2672,"Tyler Bass",0,25.7174135852234
2020111506,2989,"Zane Gonzalez",120,27.2656619613741
2020111506,3457,"Zane Gonzalez",120,26.316227736854
2020111506,4701,"Tyler Bass",120,25.6104733372959
2020111507,328,"Daniel Carlson",0,27.9917957015038
2020111507,527,"Brandon McManus",120,25.629271701025
2020111507,1465,"Brandon McManus",0,27.6658101439342
2020111507,1854,"Daniel Carlson",120,25.4584868748099
2020111507,2537,"Daniel Carlson",0,24.745115456303
2020111507,2972,"Daniel Carlson",0,25.4168326713542
2020111507,3156,"Daniel Carlson",120,26.1861937758196
2020111507,3512,"Daniel Carlson",120,25.9395797398573
2020111507,4075,"Daniel Carlson",120,28.6084772825473
2020111509,262,"Kai Forbath",120,29.1515252345745
2020111509,474,"Jason Myers",0,27.5245643265354
2020111509,693,"Kai Forbath",120,27.599230494668
2020111509,1391,"Kai Forbath",0,29.0206555213625
2020111509,1559,"Jason Myers",120,25.6795808272842
2020111509,2181,"Jason Myers",120,25.755790948096
2020111509,2792,"Kai Forbath",120,30.0283282743505
2020111509,4179,"Jason Myers",120,23.7689426934097
2020111510,387,"Robbie Gould",120,27.8793362741633
2020111510,858,"Robbie Gould",0,25.9848121692272
2020111510,1386,"Wil Lutz",120,26.743516363067
2020111510,3180,"Wil Lutz",120,27.1918366866669
2020111510,3605,"Wil Lutz",120,26.5362053097002
2020111510,3800,"Robbie Gould",0,26.0048471061111
2020111511,775,"Justin Tucker",0,27.0231754695978
2020111511,987,"Nick Folk",120,28.8171605635729
2020111511,1598,"Nick Folk",120,30.4609251885787
2020111511,2050,"Nick Folk",120,27.8306945263151
2020111511,2420,"Nick Folk",120,27.1146742087972
2020111511,2813,"Justin Tucker",0,25.8164159634873
2020111512,163,"Jason Sanders",0,26.0994648782636
2020111512,806,"Jason Sanders",0,26.5060385123826
2020111512,1487,"Michael Badgley",0,26.3116992478168
2020111512,1925,"Jason Sanders",120,25.2846939127788
2020111512,2389,"Michael Badgley",0,25.7434908718011
2020111512,2600,"Jason Sanders",120,27.9581626373149
2020111512,3161,"Jason Sanders",0,30.1826871998657
2020111512,3452,"Jason Sanders",0,26.1752984399825
2020111512,3695,"Michael Badgley",120,26.8756067054417
2020111600,522,"Dan Bailey",120,24.2026772225054
2020111600,928,"Cairo Santos",0,27.7100776614168
2020111600,1743,"Cairo Santos",120,25.6004048643995
2020111600,2147,"Dan Bailey",0,28.7465406931925
2020111600,2751,"Dan Bailey",0,27.384845099035
2020111900,1120,"Zane Gonzalez",120,25.8707112281058
2020111900,1413,"Jason Myers",0,23.359875863567
2020111900,2195,"Jason Myers",0,26.0532306232918
2020111900,2638,"Zane Gonzalez",120,27.4453563105541
2020111900,2904,"Jason Myers",0,29.0688030913421
2020111900,3385,"Zane Gonzalez",0,24.6113752391601
2020111900,3994,"Jason Myers",120,26.8508471296679
2020112200,415,"Stephen Gostkowski",120,24.1071093290364
2020112200,752,"Justin Tucker",0,26.5851203716807
2020112200,1066,"Justin Tucker",120,26.3110019313224
2020112200,1967,"Stephen Gostkowski",0,27.8629618264737
2020112200,2411,"Justin Tucker",0,25.9609324544559
2020112200,2608,"Stephen Gostkowski",120,25.8391496962902
2020112200,3113,"Stephen Gostkowski",0,27.4094247791669
2020112200,3919,"Justin Tucker",120,27.405179543489
2020112201,721,"Joey Slye",120,25.1683382055728
2020112201,2224,"Joey Slye",0,28.3202516482469
2020112201,2673,"Joey Slye",0,25.8612462532317
2020112201,2892,"Matt Prater",0,21.2164988659623
2020112201,3478,"Joey Slye",120,25.2947367587756
2020112202,944,"Cody Parkey",120,24.7337531725177
2020112202,2166,"Jake Elliott",120,26.7577982186929
2020112202,2313,"Cody Parkey",0,24.5885992096536
2020112202,3147,"Jake Elliott",0,23.8118747552439
2020112202,3285,"Cody Parkey",120,25.8189437801501
2020112202,3737,"Cody Parkey",120,25.930659229223
2020112202,4373,"Jake Elliott",0,25.9268848896964
2020112204,433,"Mason Crosby",0,24.7175814386482
2020112204,581,"Rodrigo Blankenship",120,27.586
2020112204,1044,"Rodrigo Blankenship",0,25.3884457881435
2020112204,1245,"Mason Crosby",120,25.1368347107889
2020112204,1413,"Mason Crosby",120,26.6528325426159
2020112204,1765,"Rodrigo Blankenship",0,27.8896837647198
2020112204,2036,"Mason Crosby",120,26.0862180757349
2020112204,2416,"Rodrigo Blankenship",120,27.3671414062146
2020112204,3172,"Rodrigo Blankenship",0,26.7947722906885
2020112204,3373,"Rodrigo Blankenship",0,27.3427265366213
2020112204,4378,"Mason Crosby",120,26.1413233564167
2020112205,231,"Chase McLaughlin",120,27.9459891614959
2020112205,1084,"Chris Boswell",120,28.8198880569311
2020112205,1353,"Chris Boswell",120,26.1036444708297
2020112205,1785,"Chris Boswell",120,28.7891321861556
2020112205,3368,"Chris Boswell",0,23.9071191761312
2020112205,3651,"Chris Boswell",0,26.2369323380833
2020112206,222,"Younghoe Koo",120,26.6569876813858
2020112206,725,"Wil Lutz",0,27.202
2020112206,1217,"Wil Lutz",120,27.6758048103608
2020112206,1641,"Younghoe Koo",0,24.6402808110233
2020112206,1960,"Wil Lutz",120,29.0076761644852
2020112206,2599,"Wil Lutz",0,28.2082375310223
2020112206,3267,"Wil Lutz",120,27.4404543223948
2020112207,521,"Randy Bullock",120,22.4307743087914
2020112207,733,"Dustin Hopkins",0,27.9035133739802
2020112207,1530,"Randy Bullock",0,30.0370863755205
2020112207,1972,"Randy Bullock",0,28.2718194457527
2020112207,2228,"Randy Bullock",0,29.8770718439317
2020112207,2682,"Dustin Hopkins",0,28.9569290863528
2020112207,2967,"Dustin Hopkins",0,28.5847211962058
2020112207,3528,"Dustin Hopkins",120,27.6985196784922
2020112207,4078,"Dustin Hopkins",120,22.0251706767623
2020112210,199,"Daniel Carlson",0,25.5708894931772
2020112210,595,"Harrison Butker",120,25.4444775043893
2020112210,807,"Daniel Carlson",0,24.7311780334084
2020112210,1147,"Harrison Butker",0,27.5391655606485
2020112210,1440,"Daniel Carlson",120,27.3495856617918
2020112210,2519,"Harrison Butker",0,28.8594857982031
2020112210,2814,"Daniel Carlson",0,25.8424397544943
2020112210,3394,"Harrison Butker",120,24.6431126423563
2020112210,3849,"Daniel Carlson",0,23.9582908332208
2020112210,4059,"Harrison Butker",120,27.3764660653797
2020112211,405,"Jason Sanders",0,25.1335552893611
2020112211,915,"Brandon McManus",120,25.4257000160723
2020112211,1349,"Brandon McManus",0,28.1098032945623
2020112211,1689,"Jason Sanders",120,26.6533039278485
2020112211,1988,"Brandon McManus",0,26.3364507004702
2020112211,2614,"Brandon McManus",0,25.5525646261505
2020112211,3214,"Jason Sanders",0,24.5808244130469
2020112212,353,"Sam Ficken",0,22.9379599731875
2020112212,756,"Michael Badgley",120,26.8290835464901
2020112212,1040,"Michael Badgley",0,26.8264396592174
2020112212,1423,"Michael Badgley",0,26.1985436649064
2020112212,2310,"Michael Badgley",0,25.9266080350257
2020112212,2578,"Sam Ficken",0,25.5887132161146
2020112212,2890,"Michael Badgley",120,26.9380452041722
2020112212,3307,"Sam Ficken",0,30.2913948499434
2020112212,3753,"Michael Badgley",0,27.8809143675454
2020112212,4048,"Sam Ficken",120,28.9408326963664
2020112300,558,"Matt Gay",0,27.5811676674732
2020112300,874,"Ryan Succop",0,27.3361332824793
2020112300,1315,"Ryan Succop",0,25.3072852155191
2020112300,1557,"Matt Gay",120,24.4830588931331
2020112300,2214,"Ryan Succop",120,24.5093978326196
2020112300,2436,"Matt Gay",0,29.7327265539727
2020112300,2657,"Matt Gay",0,27.6838357016174
2020112300,3853,"Ryan Succop",0,26.1230089291802
2020112300,4086,"Matt Gay",120,25.9702673535242
2020112600,441,"Matt Prater",0,26.2366387553641
2020112600,851,"Ka'imi Fairbairn",120,28.7681294859807
2020112600,1479,"Ka'imi Fairbairn",0,25.7115953554079
2020112600,1993,"Ka'imi Fairbairn",0,27.920573833655
2020112600,2633,"Matt Prater",0,27.3662141570894
2020112600,2867,"Ka'imi Fairbairn",120,28.4792073938474
2020112600,3479,"Ka'imi Fairbairn",0,24.4565056383187
2020112601,388,"Greg Zuerlein",0,25.152529749116
2020112601,805,"Dustin Hopkins",120,28.6630694502175
2020112601,985,"Greg Zuerlein",120,28.6695705812212
2020112601,1345,"Dustin Hopkins",0,25.0807454328064
2020112601,2356,"Dustin Hopkins",0,26.1418599170794
2020112601,2867,"Greg Zuerlein",120,25.388189503795
2020112601,3674,"Dustin Hopkins",120,25.4498825381326
2020112900,455,"Younghoe Koo",120,26.9087909920171
2020112900,590,"Younghoe Koo",120,25.5187705988648
2020112900,1208,"Daniel Carlson",120,28.170200631376
2020112900,1896,"Younghoe Koo",0,27.804571389585
2020112900,2489,"Younghoe Koo",0,26.7275882584304
2020112900,2833,"Younghoe Koo",0,27.8989642381282
2020112900,3143,"Daniel Carlson",120,27.350491317132
2020112900,3560,"Younghoe Koo",0,26.7331024072558
2020112900,3774,"Younghoe Koo",120,27.4500999886758
2020112900,3971,"Younghoe Koo",120,25.2140868551548
2020112900,4260,"Younghoe Koo",120,26.7991565730699
2020112901,313,"Tyler Bass",120,27.4998611195662
2020112901,672,"Michael Badgley",0,23.0620187663704
2020112901,1397,"Tyler Bass",0,29.2995707505026
2020112901,1933,"Tyler Bass",0,27.2670402201494
2020112901,2590,"Tyler Bass",0,27.4169966382171
2020112901,3471,"Michael Badgley",0,24.8846014931186
2020112901,4083,"Tyler Bass",120,24.6498297314188
2020112902,265,"Graham Gano",120,24.2351776387997
2020112902,304,"Randy Bullock",0,26.4818392570148
2020112902,1516,"Randy Bullock",120,25.4472153448306
2020112902,1831,"Graham Gano",0,29.7500518076443
2020112902,2247,"Graham Gano",120,29.0144398266288
2020112902,2871,"Graham Gano",0,26.1145732858041
2020112902,3400,"Graham Gano",0,27.9951841445666
2020112902,3670,"Randy Bullock",120,28.6172490419191
2020112903,291,"Stephen Gostkowski",0,28.102510705048
2020112903,618,"Rodrigo Blankenship",120,25.5910185930195
2020112903,780,"Stephen Gostkowski",0,26.5999619355268
2020112903,1552,"Stephen Gostkowski",120,23.8571752823282
2020112903,3294,"Stephen Gostkowski",0,26.0382403397115
2020112903,4373,"Stephen Gostkowski",120,23.0358013603742
2020112904,594,"Cody Parkey",0,26.6989212368242
2020112904,918,"Aldrick Rosas",0,26.1284415127529
2020112904,1251,"Cody Parkey",120,26.4058145794278
2020112904,1403,"Aldrick Rosas",0,27.2671138416605
2020112904,1699,"Cody Parkey",120,27.2121949732459
2020112904,1909,"Aldrick Rosas",0,32.5524913023395
2020112904,2465,"Cody Parkey",120,25.3227157985134
2020112904,2931,"Cody Parkey",0,24.2251604774403
2020112905,514,"Dan Bailey",0,25.2227987289037
2020112905,1616,"Joey Slye",0,24.150558965503
2020112905,1983,"Dan Bailey",120,26.3538688635708
2020112905,2107,"Joey Slye",0,25.9568083681485
2020112905,2184,"Joey Slye",0,29.3367542371525
2020112905,3082,"Dan Bailey",0,28.729424389128
2020112905,3423,"Joey Slye",120,23.7483411461359
2020112905,4064,"Joey Slye",120,27.813803326005
2020112905,4320,"Dan Bailey",0,27.7789631323143
2020112905,4506,"Joey Slye",120,34.4482078747908
2020112906,221,"Zane Gonzalez",120,29.1848058260819
2020112906,842,"Zane Gonzalez",120,28.1194259488494
2020112906,1091,"Nick Folk",120,26.6482215686721
2020112906,2347,"Nick Folk",120,25.8760689647297
2020112906,2610,"Nick Folk",120,24.180217042994
2020112906,3368,"Zane Gonzalez",120,26.1508300746006
2020112906,3781,"Zane Gonzalez",120,22.873148383826
2020112906,3965,"Nick Folk",0,25.8440549927264
2020112907,268,"Sergio Castillo",0,27.7770081174121
2020112907,1451,"Jason Sanders",0,25.6479317686133
2020112907,1727,"Jason Sanders",0,26.1667678736141
2020112907,2186,"Sergio Castillo",120,23.2139432883398
2020112907,3648,"Jason Sanders",0,28.7153502646654
2020112908,986,"Wil Lutz",0,25.394467765594
2020112908,1669,"Wil Lutz",0,25.9583819884722
2020112908,1828,"Wil Lutz",0,27.6533589365749
2020112908,2314,"Brandon McManus",120,27.3945458410089
2020112908,2545,"Wil Lutz",0,27.4765247908805
2020112908,3106,"Wil Lutz",120,26.8730138873799
2020112909,517,"Matt Gay",0,25.5611206701919
2020112909,668,"Robbie Gould",120,27.391816622458
2020112909,2031,"Robbie Gould",0,30.3023471732065
2020112909,2154,"Robbie Gould",120,24.0219915012183
2020112909,2805,"Robbie Gould",120,29.2879851140476
2020112909,2981,"Matt Gay",0,24.5681183761563
2020112909,3053,"Matt Gay",0,26.6279293807059
2020112909,3261,"Matt Gay",120,24.6702752113075
2020112909,3790,"Robbie Gould",0,27.2361961999255
2020112909,4375,"Robbie Gould",0,24.3789267470616
2020112910,264,"Harrison Butker",0,29.2656800264623
2020112910,1022,"Harrison Butker",0,28.1358127752334
2020112910,2153,"Harrison Butker",120,24.7843625088523
2020112910,2406,"Ryan Succop",120,24.1286279686562
2020112910,2694,"Harrison Butker",0,24.3868808922198
2020112910,3395,"Ryan Succop",0,27.1336260552331
2020112910,4113,"Ryan Succop",0,28.1835529301713
2020112911,372,"Mason Crosby",120,23.3409698882619
2020112911,554,"Cairo Santos",0,25.5402266169975
2020112911,850,"Mason Crosby",0,26.6586929790493
2020112911,1416,"Mason Crosby",0,26.4475485670424
2020112911,1555,"Mason Crosby",0,27.3211485673155
2020112911,2031,"Cairo Santos",120,24.0960443767241
2020112911,2580,"Mason Crosby",0,27.2476045847122
2020112911,2918,"Mason Crosby",0,25.2345359917126
2020112911,3306,"Cairo Santos",0,28.7199011955098
2020113000,1324,"Jason Myers",120,26.283168481453
2020113000,1731,"Jason Myers",120,25.8941178284509
2020113000,2198,"Jake Elliott",0,22.7447305831513
2020113000,2923,"Jason Myers",0,26.7061812614595
2020113000,4083,"Jason Myers",120,29.3993837471583
2020120200,513,"Chris Boswell",120,21.9763923844436
2020120200,816,"Justin Tucker",0,25.8473282739833
2020120200,1164,"Chris Boswell",0,25.304966249294
2020120200,1594,"Chris Boswell",0,25.2777945405137
2020120200,3027,"Chris Boswell",120,26.2938894355273
2020120200,3750,"Justin Tucker",0,24.8875444995375
2020120600,533,"Wil Lutz",120,25.567483571951
2020120600,705,"Younghoe Koo",0,27.8132911616439
2020120600,1236,"Wil Lutz",0,31.4384074935879
2020120600,1692,"Younghoe Koo",120,28.3936970039454
2020120600,1982,"Wil Lutz",0,26.2402004210641
2020120600,2412,"Younghoe Koo",120,27.4420790839387
2020120600,3924,"Younghoe Koo",120,26.3758853650479
2020120601,187,"Cairo Santos",120,25.2947014520161
2020120601,958,"Matt Prater",0,31.6846971774268
2020120601,1270,"Cairo Santos",0,26.0033406843152
2020120601,1834,"Matt Prater",120,23.9504982777267
2020120601,2119,"Cairo Santos",0,29.283980998364
2020120601,2961,"Matt Prater",0,26.5513906919104
2020120601,3334,"Cairo Santos",0,28.7232865892655
2020120601,4042,"Matt Prater",120,27.510898542008
2020120601,4245,"Matt Prater",120,26.0314331366283
2020120602,334,"Rodrigo Blankenship",120,25.6532399533788
2020120602,456,"Ka'imi Fairbairn",0,26.0086821302267
2020120602,827,"Ka'imi Fairbairn",0,28.8057346137855
2020120602,1180,"Rodrigo Blankenship",120,26.275462955989
2020120602,1371,"Ka'imi Fairbairn",120,21.8003253313997
2020120602,1561,"Rodrigo Blankenship",0,24.6359246070623
2020120602,1817,"Ka'imi Fairbairn",120,25.5037850322825
2020120602,2111,"Rodrigo Blankenship",0,25.679445882454
2020120602,2354,"Ka'imi Fairbairn",120,25.9092366921023
2020120603,688,"Randy Bullock",120,28.3196880953956
2020120603,1093,"Jason Sanders",120,25.3658021015682
2020120603,1826,"Randy Bullock",0,22.6731351727408
2020120603,2030,"Jason Sanders",120,26.6301003390077
2020120603,2641,"Jason Sanders",120,27.1379262467215
2020120603,3090,"Jason Sanders",0,26.9892770002946
2020120604,175,"Chase McLaughlin",120,23.3055483138508
2020120604,549,"Chase McLaughlin",120,25.6268574569806
2020120604,1522,"Dan Bailey",120,30.2576527677668
2020120604,2435,"Dan Bailey",120,26.4846303947965
2020120604,2930,"Dan Bailey",120,21.2959343756208
2020120604,3900,"Dan Bailey",0,28.6473249229428
2020120604,4568,"Chase McLaughlin",120,30.8534750143596
2020120604,5174,"Dan Bailey",0,28.3127696160608
2020120605,349,"Sergio Castillo",120,24.1294049272691
2020120605,856,"Daniel Carlson",0,28.1762960304604
2020120605,1075,"Sergio Castillo",0,31.7386602609756
2020120605,1444,"Daniel Carlson",120,25.4704185492469
2020120605,1799,"Daniel Carlson",120,24.0174748775721
2020120605,2470,"Daniel Carlson",120,25.2361128391071
2020120605,3440,"Sergio Castillo",120,26.2218304625752
2020120605,4183,"Daniel Carlson",0,27.430613594386
2020120607,245,"Cody Parkey",120,27.257205698476
2020120607,738,"Cody Parkey",120,26.7928978159433
2020120607,1007,"Cody Parkey",0,25.8232287538541
2020120607,1143,"Stephen Gostkowski",120,28.0473109750877
2020120607,1199,"Cody Parkey",0,25.6251563769526
2020120607,1623,"Cody Parkey",0,28.7046142648096
2020120607,2016,"Cody Parkey",0,26.9890395288182
2020120607,2886,"Cody Parkey",120,26.2677092160698
2020120607,4302,"Stephen Gostkowski",120,26.9577470323247
2020120607,4652,"Stephen Gostkowski",120,26.7427142325267
2020120608,173,"Zane Gonzalez",120,26.6318415822627
2020120608,1317,"Matt Gay",120,28.9625340031111
2020120608,2062,"Matt Gay",120,26.6255854389599
2020120608,2325,"Zane Gonzalez",0,22.1146581759333
2020120608,2632,"Matt Gay",0,26.5988793166893
2020120608,3047,"Zane Gonzalez",120,26.6122512473389
2020120608,3371,"Matt Gay",120,25.0873042823672
2020120608,3627,"Zane Gonzalez",0,28.7116450877055
2020120608,3849,"Matt Gay",120,24.0539217861688
2020120608,4188,"Matt Gay",120,27.978636914378
2020120608,4281,"Matt Gay",120,25.9754268152089
2020120608,4550,"Zane Gonzalez",0,26.7307860344348
2020120609,254,"Jason Myers",0,27.0399013562383
2020120609,2832,"Graham Gano",120,31.0853998968445
2020120609,3315,"Graham Gano",0,24.7366216775478
2020120609,3665,"Jason Myers",120,25.6468085755758
2020120610,424,"Jake Elliott",0,24.2808992542192
2020120610,1074,"Mason Crosby",0,25.3573819733244
2020120610,1473,"Mason Crosby",0,26.0783390684479
2020120610,2091,"Mason Crosby",120,31.2290700000309
2020120610,2660,"Mason Crosby",0,23.8425073962202
2020120610,3136,"Jake Elliott",120,22.8614657774658
2020120610,3448,"Mason Crosby",0,26.7237772864556
2020120611,379,"Nick Folk",120,24.9877054859363
2020120611,676,"Michael Badgley",0,30.605969584785
2020120611,896,"Nick Folk",0,25.614478254509
2020120611,1893,"Nick Folk",0,26.8449424461656
2020120611,2142,"Nick Folk",0,26.1651931789814
2020120611,2541,"Nick Folk",120,27.2721756342182
2020120611,3323,"Nick Folk",0,24.802694981211
2020120611,3681,"Nick Folk",0,24.0129937237202
2020120612,577,"Brandon McManus",0,28.3329885622925
2020120612,750,"Harrison Butker",120,26.0239939463208
2020120612,1372,"Brandon McManus",120,27.4498718631108
2020120612,1560,"Harrison Butker",0,25.8025991574218
2020120612,1883,"Brandon McManus",120,31.4039321199603
2020120612,2019,"Harrison Butker",0,24.8428557288913
2020120612,2294,"Harrison Butker",0,26.9556961950357
2020120612,2860,"Harrison Butker",0,26.7938542529567
2020120612,3833,"Harrison Butker",120,26.9703601410865
2020120700,894,"Robbie Gould",0,24.6357677995039
2020120700,1124,"Tyler Bass",0,27.0918188500082
2020120700,1649,"Tyler Bass",0,27.4952456539456
2020120700,2653,"Tyler Bass",0,27.2022079207921
2020120700,3062,"Robbie Gould",120,27.1323847990338
2020120700,4217,"Robbie Gould",0,27.8200038905728
2020120702,1301,"Matthew Wright",0,24.9501154090258
2020120702,1848,"Matthew Wright",0,23.439337401918
2020120702,2334,"Dustin Hopkins",120,27.5723627185252
2020120702,3519,"Matthew Wright",120,25.0559388438935
2020120702,4443,"Dustin Hopkins",0,25.5321498408937
2020120702,4641,"Dustin Hopkins",0,23.8582565418163
2020120800,537,"Greg Zuerlein",0,26.9696702428502
2020120800,886,"Greg Zuerlein",120,25.2765213060549
2020120800,1128,"Justin Tucker",0,23.6249111390898
2020120800,1229,"Justin Tucker",0,25.1299227232476
2020120800,1555,"Greg Zuerlein",120,21.5231248892461
2020120800,1763,"Justin Tucker",0,25.9395690247358
2020120800,2397,"Greg Zuerlein",0,21.8205833553506
2020120800,2981,"Greg Zuerlein",120,22.6433171138054
2020120800,3230,"Justin Tucker",0,26.9053591871202
2020120800,3595,"Greg Zuerlein",120,26.2154452734896
2020120800,3823,"Justin Tucker",0,27.294774316999
2020121000,227,"Matt Gay",120,27.5310402181805
2020121000,1023,"Matt Gay",0,25.2472319485478
2020121000,1783,"Nick Folk",120,28.2716559970224
2020121000,2684,"Matt Gay",0,26.7846033691925
2020121300,314,"Brandon McManus",120,32.3279244615766
2020121300,1219,"Joey Slye",120,27.2762944806701
2020121300,1618,"Brandon McManus",0,26.3797656180771
2020121300,2076,"Brandon McManus",120,32.1259659596308
2020121300,2872,"Joey Slye",120,29.0080241897214
2020121300,3349,"Joey Slye",120,27.1050114708857
2020121300,3454,"Brandon McManus",0,24.0835528478404
2020121300,3621,"Joey Slye",120,27.3910028752002
2020121301,327,"Cairo Santos",0,27.358791418324
2020121301,1083,"Cairo Santos",120,25.100170281981
2020121301,1325,"Ka'imi Fairbairn",0,27.8638149482493
2020121301,1718,"Cairo Santos",120,26.0406322040297
2020121301,2285,"Cairo Santos",120,24.0330238725906
2020121301,2608,"Cairo Santos",120,27.9846518139812
2020121301,3537,"Cairo Santos",0,28.3955489800798
2020121302,280,"Greg Zuerlein",0,24.9432771207712
2020121302,517,"Greg Zuerlein",0,27.1145496823756
2020121302,1304,"Greg Zuerlein",120,29.3716672396064
2020121302,1782,"Austin Seibert",0,28.679190268247
2020121302,2046,"Greg Zuerlein",120,28.3591019687239
2020121302,3381,"Greg Zuerlein",0,24.7279358988603
2020121302,3604,"Greg Zuerlein",0,25.0916773491443
2020121303,324,"Matt Prater",0,26.1749449111539
2020121303,433,"Mason Crosby",120,26.0619665895583
2020121303,881,"Mason Crosby",0,27.2565999941986
2020121303,1778,"Matt Prater",120,27.7063436585438
2020121303,2690,"Mason Crosby",0,26.3266024156933
2020121303,3118,"Mason Crosby",120,25.8348946178677
2020121303,3635,"Matt Prater",0,27.0095039796672
2020121303,4109,"Matt Prater",0,27.9307789068682
2020121304,368,"Stephen Gostkowski",0,26.0692055443936
2020121304,1597,"Aldrick Rosas",0,24.7942376369583
2020121304,1749,"Stephen Gostkowski",120,25.2294006511633
2020121304,1961,"Stephen Gostkowski",120,26.9139300933393
2020121304,2125,"Stephen Gostkowski",0,24.7695678822034
2020121304,2353,"Stephen Gostkowski",0,27.8655443450494
2020121305,498,"Jason Sanders",0,30.6450727391924
2020121305,771,"Jason Sanders",0,25.6211874091768
2020121305,2100,"Harrison Butker",120,26.4246736212787
2020121305,2222,"Harrison Butker",120,25.5925603846262
2020121305,3329,"Jason Sanders",120,28.4119272459368
2020121305,4231,"Harrison Butker",0,28.5184805635403
2020121305,4387,"Jason Sanders",120,29.1333155133401
2020121306,482,"Mike Nugent",120,26.190732377945
2020121306,1207,"Mike Nugent",0,27.4223622388842
2020121306,1403,"Mike Nugent",0,26.1092574844925
2020121306,2496,"Mike Nugent",0,27.2103156158391
2020121306,2689,"Graham Gano",120,27.9294937860394
2020121306,3189,"Mike Nugent",120,23.8705513363672
2020121306,3908,"Mike Nugent",120,25.8406528586255
2020121307,1057,"Dan Bailey",0,31.2878701264001
2020121307,1179,"Ryan Succop",120,26.8491030224244
2020121307,1714,"Ryan Succop",120,26.324843413205
2020121307,1989,"Ryan Succop",120,25.8721783769596
2020121307,2246,"Ryan Succop",120,23.1904505821143
2020121307,3143,"Dan Bailey",120,21.7686260118703
2020121307,3327,"Ryan Succop",0,26.8783901614119
2020121308,308,"Rodrigo Blankenship",0,27.5728680852868
2020121308,698,"Rodrigo Blankenship",0,27.2843515881165
2020121308,848,"Daniel Carlson",120,27.7806764085263
2020121308,1249,"Daniel Carlson",0,25.1211332961883
2020121308,1352,"Rodrigo Blankenship",120,25.5393980900168
2020121308,2042,"Rodrigo Blankenship",120,26.1439324345589
2020121308,2374,"Daniel Carlson",120,27.7242782197737
2020121308,2513,"Rodrigo Blankenship",0,28.5730465649387
2020121308,2844,"Daniel Carlson",120,27.0643721606197
2020121308,3149,"Rodrigo Blankenship",120,24.9584893945956
2020121308,3335,"Rodrigo Blankenship",120,28.3569821346965
2020121308,3463,"Rodrigo Blankenship",120,26.8881036593589
2020121308,3814,"Daniel Carlson",0,26.5103621439145
2020121309,230,"Sergio Castillo",120,29.5787923272304
2020121309,406,"Jason Myers",0,26.1786812784304
2020121309,976,"Jason Myers",120,25.9863494492379
2020121309,1142,"Jason Myers",120,23.5217615878396
2020121309,1315,"Sergio Castillo",0,30.0885928749139
2020121309,1699,"Sergio Castillo",0,22.1817169453612
2020121309,1978,"Jason Myers",120,22.5486066953432
2020121309,2172,"Sergio Castillo",0,21.3745859911861
2020121309,2572,"Jason Myers",120,27.5560172021566
2020121309,2904,"Jason Myers",120,24.3687530594073
2020121309,3652,"Jason Myers",0,27.7914671721523
2020121310,534,"Michael Badgley",0,23.9094174009506
2020121310,738,"Younghoe Koo",120,26.7209211905942
2020121310,1067,"Younghoe Koo",0,25.445491630136
2020121310,1180,"Michael Badgley",120,26.8495172176993
2020121310,1427,"Younghoe Koo",0,24.8857798192837
2020121310,2708,"Michael Badgley",0,28.2684825492173
2020121311,686,"Wil Lutz",0,29.922776528379
2020121311,911,"Jake Elliott",0,26.666236478484
2020121311,1353,"Jake Elliott",0,26.6357410782846
2020121311,1736,"Jake Elliott",0,26.3456286073779
2020121311,2119,"Jake Elliott",0,22.8128135682253
2020121311,3593,"Jake Elliott",120,25.6794322728813
2020121311,3891,"Wil Lutz",0,22.1212136394684
2020121311,4067,"Wil Lutz",0,24.3527525428258
2020121312,703,"Dustin Hopkins",0,33.2160341727719
2020121312,908,"Robbie Gould",120,25.8224929483977
2020121312,1658,"Dustin Hopkins",120,28.7564899948189
2020121312,1862,"Dustin Hopkins",120,27.4306538032254
2020121312,2179,"Dustin Hopkins",120,26.1615006939372
2020121312,2733,"Dustin Hopkins",0,25.8716859868617
2020121312,3372,"Dustin Hopkins",0,26.8430851211106
2020121313,1481,"Chris Boswell",120,28.1826920716749
2020121313,1965,"Tyler Bass",0,26.4367475484406
2020121313,2143,"Tyler Bass",0,30.0795012712591
2020121313,2459,"Tyler Bass",120,25.9286524046412
2020121313,2717,"Tyler Bass",120,26.8512688281033
2020121313,3577,"Tyler Bass",0,27.0926491760157
2020121400,374,"Cody Parkey",0,26.3307015364082
2020121400,691,"Justin Tucker",120,25.4147898405681
2020121400,1044,"Cody Parkey",120,30.7972417814305
2020121400,1751,"Cody Parkey",120,26.5203707484896
2020121400,2161,"Justin Tucker",0,24.7689249526021
2020121400,2473,"Justin Tucker",120,26.1659397917075
2020121400,2772,"Cody Parkey",0,29.8416286601704
2020121400,3987,"Cody Parkey",120,27.6130506029272
2020121400,4425,"Cody Parkey",120,27.4897178343129
2020121400,4624,"Justin Tucker",0,23.6162323042811
2020121700,413,"Michael Badgley",0,24.6690243764083
2020121700,620,"Daniel Carlson",120,27.4900059516807
2020121700,997,"Daniel Carlson",0,26.282648422066
2020121700,1339,"Michael Badgley",120,28.0051040696348
2020121700,1593,"Michael Badgley",120,28.2284971640582
2020121700,2084,"Daniel Carlson",0,28.6566053742491
2020121700,2507,"Michael Badgley",120,28.1484395036136
2020121700,3013,"Daniel Carlson",120,25.9780105832574
2020121700,3156,"Michael Badgley",0,20.9354262588735
2020121700,3421,"Michael Badgley",0,23.1050461657856
2020121700,3942,"Daniel Carlson",120,27.0985519559758
2020121900,259,"Taylor Russolino",0,32.2801979829023
2020121900,671,"Tyler Bass",120,27.6346188023482
2020121900,1136,"Tyler Bass",0,26.22267387358
2020121900,1403,"Taylor Russolino",120,24.6772400514859
2020121900,2584,"Tyler Bass",0,26.4893298575895
2020121900,2645,"Tyler Bass",0,24.9133860907562
2020121900,3399,"Tyler Bass",0,27.9670777678774
2020121900,4228,"Taylor Russolino",0,30.6252210766351
2020121900,4308,"Tyler Bass",120,28.3416301448597
2020121901,341,"Mason Crosby",120,27.1476293354763
2020121901,967,"Mason Crosby",0,24.8765299067783
2020121901,1529,"Mason Crosby",0,25.6997375649483
2020121901,2711,"Joey Slye",0,25.1857918673833
2020121901,3564,"Mason Crosby",0,24.6341217979901
2020122002,429,"Rodrigo Blankenship",0,27.4989439434088
2020122002,735,"Rodrigo Blankenship",0,26.8291350461774
2020122002,1314,"Ka'imi Fairbairn",0,24.2859919074496
2020122002,1831,"Ka'imi Fairbairn",0,25.700003485962
2020122002,2152,"Rodrigo Blankenship",120,27.8077208421522
2020122002,2558,"Ka'imi Fairbairn",0,25.3106741152571
2020122002,2720,"Rodrigo Blankenship",0,27.7201648470974
2020122002,3005,"Ka'imi Fairbairn",120,26.7636448372909
2020122002,3379,"Rodrigo Blankenship",0,28.8867116299273
2020122003,472,"Sam Ficken",120,27.977638382379
2020122003,972,"Sam Ficken",0,25.8649197222001
2020122003,1240,"Sam Ficken",0,25.8598556229848
2020122003,2378,"Sam Ficken",0,27.4608253057005
2020122003,2822,"Sam Ficken",0,25.3959688248834
2020122004,1238,"Stephen Gostkowski",0,24.9269529274851
2020122004,1714,"Matt Prater",120,31.1559860018598
2020122004,1982,"Stephen Gostkowski",0,28.0599406399177
2020122004,3311,"Stephen Gostkowski",120,26.5247856395098
2020122004,3490,"Matt Prater",0,26.4349610891581
2020122004,3801,"Stephen Gostkowski",120,25.3375622336051
2020122005,248,"Younghoe Koo",0,24.9272708168002
2020122005,1213,"Younghoe Koo",120,28.9710231660878
2020122005,1852,"Younghoe Koo",120,24.5927164280295
2020122005,2122,"Ryan Succop",120,28.7457463072998
2020122005,2326,"Younghoe Koo",0,26.8087908259497
2020122005,2551,"Ryan Succop",120,27.0105338832438
2020122005,2998,"Ryan Succop",120,27.8435480819942
2020122005,3392,"Ryan Succop",0,25.5578800286241
2020122005,3541,"Younghoe Koo",120,27.0346578295579
2020122005,3691,"Ryan Succop",0,26.4368805621501
2020122006,454,"Justin Tucker",0,26.2233505639446
2020122006,879,"Justin Tucker",120,29.1538014418744
2020122006,1211,"Justin Tucker",120,28.3324034836992
2020122006,1720,"Justin Tucker",120,26.7604251564663
2020122006,1989,"Justin Tucker",120,32.6237838773095
2020122006,2302,"Aldrick Rosas",0,23.9154290628491
2020122006,2599,"Justin Tucker",120,29.2326726344825
2020122006,3123,"Justin Tucker",0,25.6464469238115
2020122006,3769,"Aldrick Rosas",120,27.2673481409551
2020122007,1168,"Nick Folk",0,28.0571835107522
2020122007,1518,"Nick Folk",0,26.1527356382599
2020122007,1840,"Jason Sanders",120,30.5691889731226
2020122007,2131,"Jason Sanders",0,27.0440281974165
2020122007,2618,"Nick Folk",120,26.3433288555872
2020122007,3285,"Nick Folk",0,25.3399012473287
2020122007,3613,"Jason Sanders",120,26.8756052096782
2020122008,417,"Cairo Santos",0,26.0112535060558
2020122008,640,"Dan Bailey",120,27.0250432388159
2020122008,852,"Cairo Santos",0,24.5464961668189
2020122008,1436,"Cairo Santos",120,27.1512534292627
2020122008,1679,"Cairo Santos",120,29.1203511498321
2020122008,2036,"Dan Bailey",0,26.536159392385
2020122008,2344,"Dan Bailey",120,25.5344215207419
2020122008,2622,"Cairo Santos",0,27.9265292285615
2020122008,2806,"Dan Bailey",120,27.9410583522502
2020122008,3027,"Cairo Santos",120,26.1702532459185
2020122008,3363,"Dan Bailey",0,25.1188902910091
2020122008,3828,"Cairo Santos",120,25.3002143819484
2020122009,662,"Graham Gano",120,26.6189519557518
2020122009,1694,"Cody Parkey",120,23.7016400337338
2020122009,2537,"Cody Parkey",0,28.9956286129879
2020122009,3199,"Graham Gano",120,23.5653479852662
2020122010,362,"Jason Myers",0,28.4039174409149
2020122010,1257,"Jason Myers",120,24.5394057873682
2020122010,1782,"Jason Myers",120,29.5612500422101
2020122010,2146,"Dustin Hopkins",0,25.8892329650319
2020122010,3198,"Dustin Hopkins",0,30.1456211981613
2020122011,812,"Mike Nugent",0,28.9091311598471
2020122011,1056,"Mike Nugent",0,27.3860305917405
2020122011,1310,"Jake Elliott",0,25.143759348792
2020122011,1456,"Mike Nugent",120,25.7315868367373
2020122011,2150,"Mike Nugent",120,27.221965564274
2020122012,824,"Harrison Butker",120,27.444566952951
2020122012,1274,"Harrison Butker",0,26.0972977846358
2020122012,3077,"Harrison Butker",120,27.5613274319436
2020122012,4190,"Wil Lutz",120,27.65329946474
2020122012,4459,"Harrison Butker",0,26.8308939213545
2020122013,431,"Greg Zuerlein",0,26.4878133328302
2020122013,698,"Greg Zuerlein",0,26.9990340681696
2020122013,1109,"Robbie Gould",120,26.7002863908992
2020122013,1403,"Greg Zuerlein",120,25.9702304541763
2020122013,2264,"Greg Zuerlein",120,22.6337506621932
2020122013,2616,"Robbie Gould",0,26.1405114736616
2020122013,2816,"Greg Zuerlein",120,26.8795711884996
2020122013,3125,"Robbie Gould",0,24.0329259803897
2020122013,3664,"Greg Zuerlein",0,28.2889846173055
2020122013,4219,"Greg Zuerlein",0,26.6962868041796
2020122013,4566,"Greg Zuerlein",0,27.9265635888138
2020122100,565,"Austin Seibert",120,27.1944054648556
2020122100,810,"Austin Seibert",120,21.8450841617704
2020122100,1138,"Austin Seibert",0,27.8994368369925
2020122100,2179,"Chris Boswell",120,27.1122114429145
2020122100,2508,"Chris Boswell",120,26.5828504958574
2020122100,3312,"Chris Boswell",0,29.5540212510566
2020122100,3758,"Austin Seibert",120,26.0142816574297
2020122500,203,"Wil Lutz",0,25.3861503827795
2020122500,442,"Dan Bailey",120,27.1945235759856
2020122500,711,"Wil Lutz",0,24.7282762275579
2020122500,1123,"Wil Lutz",120,24.6979792707863
2020122500,1369,"Dan Bailey",0,26.2705067464468
2020122500,1978,"Wil Lutz",120,28.2551186118741
2020122500,2799,"Wil Lutz",0,25.5013071029072
2020122500,3180,"Dan Bailey",120,26.5024258595513
2020122500,3407,"Wil Lutz",120,28.4198550185156
2020122500,3826,"Wil Lutz",120,26.3169350748872
2020122500,4327,"Wil Lutz",120,24.2061643071373
2020122600,229,"Ryan Succop",120,21.2930927923434
2020122600,1471,"Ryan Succop",0,24.7033556435382
2020122600,1936,"Ryan Succop",0,26.6461493769077
2020122600,2258,"Ryan Succop",120,22.9908398639657
2020122600,2585,"Matt Prater",0,26.1677847728556
2020122600,2752,"Ryan Succop",120,25.4761232865036
2020122600,3687,"Ryan Succop",0,23.0072132469036
2020122601,1991,"Mike Nugent",120,24.4215036431788
2020122601,2461,"Robbie Gould",120,23.1500342544789
2020122601,2769,"Robbie Gould",120,26.4891473602649
2020122601,3695,"Robbie Gould",0,30.35641384255
2020122601,4213,"Robbie Gould",0,23.3343785558287
2020122602,390,"Daniel Carlson",120,26.7321602389286
2020122602,713,"Jason Sanders",0,24.6400577908031
2020122602,1278,"Daniel Carlson",0,27.2773840853092
2020122602,1588,"Jason Sanders",120,25.7212229495153
2020122602,1858,"Daniel Carlson",0,27.6681512457891
2020122602,2167,"Jason Sanders",0,25.1968827760086
2020122602,2560,"Daniel Carlson",120,27.6747947906461
2020122602,3301,"Jason Sanders",120,26.9542726524595
2020122602,3387,"Daniel Carlson",0,30.0444081943374
2020122602,3500,"Jason Sanders",120,27.5048205064247
2020122602,3811,"Daniel Carlson",0,28.4146865574546
2020122602,3909,"Jason Sanders",120,25.8046444882867
2020122702,174,"Michael Badgley",0,27.2863451721256
2020122702,968,"Brandon McManus",0,24.8570606696538
2020122702,1191,"Michael Badgley",120,28.3752871044214
2020122702,1537,"Michael Badgley",120,27.8456807631538
2020122702,2510,"Brandon McManus",120,27.7327967352594
2020122702,2831,"Michael Badgley",120,24.032505397471
2020122702,3077,"Brandon McManus",0,25.1171635337883
2020122702,3461,"Brandon McManus",0,25.0889040282592
2020122704,463,"Cody Parkey",120,29.5760143639539
2020122704,886,"Sam Ficken",0,27.2191567354966
2020122704,2323,"Sam Ficken",120,26.9599797209332
2020122704,2704,"Sam Ficken",120,27.7834318828137
2020122704,2990,"Cody Parkey",0,25.5600362693447
2020122704,3467,"Cody Parkey",120,27.7337157740393
2020122704,4328,"Sam Ficken",0,28.8065618794434
2020122705,372,"Justin Tucker",120,27.0897953344688
2020122705,765,"Justin Tucker",120,28.7312940668233
2020122705,1376,"Justin Tucker",0,26.4706065101178
2020122705,1698,"Graham Gano",120,25.3307584548779
2020122705,2028,"Justin Tucker",0,27.3578686134295
2020122705,2630,"Graham Gano",0,27.4900818458181
2020122705,2877,"Justin Tucker",0,28.4075308412502
2020122705,3401,"Graham Gano",120,26.1293089273112
2020122706,331,"Austin Seibert",120,26.5169888204099
2020122706,711,"Ka'imi Fairbairn",0,27.3550294244451
2020122706,1088,"Austin Seibert",0,23.7490058826328
2020122706,1463,"Austin Seibert",0,25.2346949677171
2020122706,1648,"Ka'imi Fairbairn",120,27.1765218375198
2020122706,2077,"Austin Seibert",120,27.4482732017653
2020122706,2262,"Ka'imi Fairbairn",0,28.3632641009453
2020122706,2446,"Austin Seibert",120,27.799611528141
2020122706,2702,"Ka'imi Fairbairn",0,25.7647110196528
2020122706,3054,"Austin Seibert",0,26.8876154267479
2020122706,3308,"Ka'imi Fairbairn",120,27.4768591025373
2020122706,3588,"Austin Seibert",0,25.9963042720465
2020122706,3867,"Austin Seibert",0,25.2605474167145
2020122707,589,"Cairo Santos",0,25.7944944147518
2020122707,1246,"Aldrick Rosas",0,26.3034459142678
2020122707,1974,"Cairo Santos",120,26.2495373732671
2020122707,2719,"Cairo Santos",120,25.9954023643783
2020122707,2842,"Cairo Santos",120,25.4593622081716
2020122707,3197,"Cairo Santos",0,25.9383189759199
2020122708,1427,"Younghoe Koo",0,26.8065365113327
2020122708,1834,"Harrison Butker",120,28.8881549877166
2020122708,2862,"Harrison Butker",120,24.3201272238288
2020122708,3479,"Younghoe Koo",0,24.7721586644712
2020122708,3766,"Harrison Butker",120,26.668470142583
2020122708,4072,"Younghoe Koo",0,30.4129377023403
2020122709,356,"Rodrigo Blankenship",120,29.3172186676934
2020122709,972,"Matthew Wright",120,27.7910261614537
2020122709,1296,"Rodrigo Blankenship",0,25.5419527075021
2020122709,1487,"Rodrigo Blankenship",0,29.0663778795453
2020122709,2300,"Rodrigo Blankenship",120,24.1528404296312
2020122709,2784,"Matthew Wright",0,25.0907274664063
2020122709,3137,"Matthew Wright",120,28.7890506973407
2020122709,3609,"Matthew Wright",120,27.9803052539449
2020122710,874,"Joey Slye",120,22.696191931654
2020122710,1290,"Joey Slye",0,29.9744502940575
2020122710,1600,"Joey Slye",0,28.3767424307454
2020122710,2719,"Dustin Hopkins",0,26.8525903288627
2020122710,4218,"Dustin Hopkins",120,27.8754658305669
2020122711,622,"Matt Gay",120,27.9311111454674
2020122711,1453,"Matt Gay",0,24.5273838418167
2020122711,2117,"Jason Myers",120,25.1486184899601
2020122711,2638,"Jason Myers",120,25.740464555624
2020122711,3365,"Matt Gay",120,28.2201421663727
2020122711,4018,"Jason Myers",0,24.2420717302233
2020122712,356,"Jake Elliott",120,26.9932129781666
2020122712,568,"Greg Zuerlein",0,25.3535613906749
2020122712,634,"Jake Elliott",120,27.6674252456868
2020122712,1568,"Greg Zuerlein",120,26.6536329519624
2020122712,1848,"Jake Elliott",0,25.1711838637647
2020122712,2220,"Greg Zuerlein",120,25.7112753362812
2020122712,2526,"Greg Zuerlein",120,25.3890031888529
2020122712,2858,"Greg Zuerlein",120,25.885991611056
2020122712,4443,"Greg Zuerlein",0,27.9989952156248
2020122713,1019,"Mason Crosby",0,26.7951272786652
2020122713,1668,"Stephen Gostkowski",120,27.5324558152675
2020122713,1964,"Stephen Gostkowski",120,24.5405552480153
2020122713,2069,"Mason Crosby",0,25.7506445179245
2020122713,2452,"Mason Crosby",0,27.3913335967182
2020122713,3270,"Mason Crosby",120,25.5469434962904
2020122800,172,"Nick Folk",120,27.2675566231154
2020122800,455,"Tyler Bass",0,27.4224217425536
2020122800,947,"Tyler Bass",120,26.2225015603764
2020122800,1221,"Nick Folk",0,23.2927439667581
2020122800,1525,"Tyler Bass",120,27.5900714113098
2020122800,1734,"Tyler Bass",120,26.4935503625451
2020122800,2328,"Tyler Bass",120,27.2319194658724
2020122800,3138,"Tyler Bass",0,25.7665096003974
2021010300,376,"Jason Sanders",0,28.9383451724782
2021010300,1080,"Tyler Bass",0,25.2375259878944
2021010300,1470,"Tyler Bass",0,28.3377778907008
2021010300,1612,"Tyler Bass",0,28.0758067453513
2021010300,1947,"Jason Sanders",120,26.8503191296239
2021010300,2085,"Tyler Bass",0,26.0160343704035
2021010300,2555,"Jason Sanders",120,25.2674533895715
2021010300,2800,"Tyler Bass",0,29.02065909248
2021010300,3532,"Tyler Bass",120,28.032062023398
2021010300,3660,"Tyler Bass",120,27.6058438115667
2021010300,4252,"Tyler Bass",120,26.3457241617195
2021010300,4478,"Jason Sanders",0,25.2172087791912
2021010301,355,"Wil Lutz",0,27.1072325640211
2021010301,836,"Joey Slye",120,25.1590678406966
2021010301,1356,"Wil Lutz",120,31.9581443824033
2021010301,1950,"Wil Lutz",120,27.5187213081407
2021010301,2156,"Wil Lutz",0,28.0074945598966
2021010301,2692,"Wil Lutz",0,28.4804001842058
2021010301,3039,"Wil Lutz",120,26.4815240529985
2021010302,430,"Cairo Santos",0,27.3521788807827
2021010302,807,"Mason Crosby",0,27.398058174752
2021010302,1069,"Cairo Santos",120,25.0072125148614
2021010302,1223,"Mason Crosby",0,28.0987282108094
2021010302,1578,"Mason Crosby",0,28.5071659384838
2021010302,2043,"Cairo Santos",120,26.4914930865969
2021010302,2517,"Cairo Santos",0,27.1299546028197
2021010302,3370,"Mason Crosby",0,27.2678504452343
2021010302,3597,"Mason Crosby",0,29.2568886962981
2021010303,354,"Justin Tucker",0,27.4078916492275
2021010303,679,"Justin Tucker",0,25.9414067618156
2021010303,1530,"Justin Tucker",120,26.7762965890475
2021010303,2135,"Justin Tucker",120,26.8099347438069
2021010303,2523,"Justin Tucker",120,27.3825313127896
2021010303,2723,"Justin Tucker",120,27.118739582036
2021010304,407,"Cody Parkey",120,25.8443850665505
2021010304,1269,"Cody Parkey",0,24.8206353094912
2021010304,1567,"Matthew Wright",120,27.3099971312094
2021010304,2024,"Matthew Wright",120,27.2721761051453
2021010304,2587,"Matthew Wright",120,29.1613915456769
2021010304,2835,"Cody Parkey",0,24.8930735113776
2021010304,3123,"Cody Parkey",120,25.4162604490121
2021010305,665,"Matt Prater",0,23.0810288125934
2021010305,904,"Dan Bailey",120,25.95840519638
2021010305,1118,"Matt Prater",120,29.2041812768266
2021010305,1342,"Dan Bailey",0,27.5308899068954
2021010305,1462,"Matt Prater",120,28.9272581276811
2021010305,2285,"Matt Prater",120,30.25497849154
2021010305,2479,"Dan Bailey",0,25.3008415657729
2021010305,2723,"Dan Bailey",0,27.6957882481992
2021010306,253,"Harrison Butker",0,27.0722544930442
2021010306,558,"Michael Badgley",120,28.4453059689212
2021010306,948,"Harrison Butker",120,25.1905712577852
2021010306,1210,"Michael Badgley",0,29.8491681030799
2021010306,2803,"Michael Badgley",120,29.229571918599
2021010306,3085,"Harrison Butker",120,28.101496787188
2021010306,3258,"Michael Badgley",0,27.6257891218029
2021010307,283,"Nick Folk",120,26.8045368612692
2021010307,2254,"Chase McLaughlin",0,24.6357273855631
2021010307,2796,"Nick Folk",120,27.7131363328147
2021010307,3048,"Nick Folk",0,25.0257808949821
2021010307,3238,"Nick Folk",0,28.7564177219757
2021010309,563,"Dustin Hopkins",120,25.1236014871741
2021010309,718,"Dustin Hopkins",120,27.6862285048618
2021010309,1109,"Jake Elliott",120,28.0069861190271
2021010309,1427,"Jake Elliott",120,27.0040082299242
2021010309,1966,"Dustin Hopkins",0,27.7852453621164
2021010309,3285,"Dustin Hopkins",0,25.4856908176569
2021010310,229,"Ryan Succop",120,27.5742267197868
2021010310,567,"Younghoe Koo",0,27.088971689302
2021010310,812,"Ryan Succop",120,24.234844214078
2021010310,1115,"Ryan Succop",0,24.5852176968526
2021010310,1394,"Ryan Succop",0,28.3635601508457
2021010310,1850,"Younghoe Koo",120,26.3192095687341
2021010310,2164,"Ryan Succop",0,26.3765016300658
2021010310,2492,"Younghoe Koo",0,27.6867374272568
2021010310,3029,"Younghoe Koo",0,27.4572523648201
2021010310,3340,"Ryan Succop",0,26.671985176282
2021010310,3717,"Ryan Succop",0,26.6319530817895
2021010310,3939,"Ryan Succop",0,25.7601016821275
2021010311,387,"Brandon McManus",0,26.4230803024111
2021010311,680,"Daniel Carlson",120,26.1233817510683
2021010311,972,"Brandon McManus",0,24.9957483602432
2021010311,1148,"Brandon McManus",120,30.1978899082569
2021010311,1322,"Daniel Carlson",0,25.1251147878519
2021010311,2194,"Daniel Carlson",0,26.6495460483227
2021010311,2667,"Brandon McManus",120,26.3818855070528
2021010311,3109,"Brandon McManus",120,27.3894569020805
2021010311,3766,"Daniel Carlson",120,25.8038662614144
2021010311,3900,"Brandon McManus",0,27.0530546126559
2021010311,4695,"Brandon McManus",0,135.624955621305
2021010312,505,"Sam Sloman",120,29.105399281461
2021010312,821,"Ka'imi Fairbairn",0,26.1138175728015
2021010312,986,"Sam Sloman",0,24.7169257803756
2021010312,1245,"Ka'imi Fairbairn",120,26.6145175918928
2021010312,1433,"Sam Sloman",0,25.7508288679147
2021010312,1816,"Ka'imi Fairbairn",120,28.2525056861259
2021010312,2170,"Sam Sloman",120,28.6254644601214
2021010312,2324,"Ka'imi Fairbairn",0,30.9140535367885
2021010312,2537,"Sam Sloman",120,30.1084072325656
2021010312,2792,"Ka'imi Fairbairn",0,27.0977342299132
2021010312,3211,"Ka'imi Fairbairn",120,27.8160641997253
2021010312,3758,"Sam Sloman",0,28.0002681277151
2021010312,4036,"Ka'imi Fairbairn",120,26.8414154333344
2021010312,4166,"Sam Sloman",0,27.771349789916
2021010313,356,"Rodrigo Blankenship",120,28.0696106101548
2021010313,816,"Rodrigo Blankenship",120,25.0862871937322
2021010313,1108,"Rodrigo Blankenship",0,24.2364597857121
2021010313,1615,"Rodrigo Blankenship",0,24.9093095552522
2021010313,1835,"Aldrick Rosas",120,29.4496160908386
2021010313,2008,"Rodrigo Blankenship",0,28.0441463536464
2021010313,2185,"Rodrigo Blankenship",120,21.5286330020799
2021010313,2432,"Aldrick Rosas",0,27.9825179419674
2021010314,324,"Mike Nugent",0,27.2991385934889
2021010314,1034,"Matt Gay",0,25.3974591004229
2021010314,2024,"Matt Gay",0,26.488612227454
2021010314,2477,"Matt Gay",120,27.2000008405834
2021010314,2983,"Matt Gay",0,26.6441257749424
2021010315,811,"Jason Myers",0,25.5848967893686
2021010315,1243,"Jason Myers",120,27.8323299526103
2021010315,1784,"Tristan Vizcaino",0,28.5232936014223
2021010315,2121,"Tristan Vizcaino",0,26.621711791432
2021010315,2366,"Tristan Vizcaino",0,26.5620214657052
2021010315,2813,"Tristan Vizcaino",120,27.4196110935223
2021010315,3074,"Jason Myers",0,22.2906808655713
2021010315,3667,"Jason Myers",0,23.6629843710939
2021010315,3870,"Jason Myers",0,24.783103680998
2021010315,4166,"Tristan Vizcaino",120,25.9855485285537
